subject,model,backend,target,target_label,polarity,polarity_label,opto,opto_amp,magnitude,M,n_trials,n_param_rows,param_nll_per_trial,frac_correct
A83,spatial_reduced3,numba,center,Center,excitation,Excitation,Opto off,0.0,2.0,200,3143,14,0.7419769957627662,0.5172542157174673
A83,spatial_reduced3,numba,center,Center,excitation,Excitation,Opto on,2.0,2.0,200,3143,14,0.7419769957627662,0.9999888641425391
A83,spatial_reduced3,numba,center,Center,inhibition,Inhibition,Opto off,0.0,2.0,200,3143,14,0.7419769957627662,0.5172542157174673
A83,spatial_reduced3,numba,center,Center,inhibition,Inhibition,Opto on,-2.0,2.0,200,3143,14,0.7419769957627662,0.0
A83,spatial_reduced3,numba,sides,Sides,excitation,Excitation,Opto off,0.0,2.0,200,6251,14,0.7419769957627662,0.5022940329547273
A83,spatial_reduced3,numba,sides,Sides,excitation,Excitation,Opto on,2.0,2.0,200,6251,14,0.7419769957627662,3.199488081906895e-05
A83,spatial_reduced3,numba,sides,Sides,inhibition,Inhibition,Opto off,0.0,2.0,200,6251,14,0.7419769957627662,0.5022940329547273
A83,spatial_reduced3,numba,sides,Sides,inhibition,Inhibition,Opto on,-2.0,2.0,200,6251,14,0.7419769957627662,0.6512981922892336
A84,spatial_reduced3,numba,center,Center,excitation,Excitation,Opto off,0.0,2.0,200,206,14,0.619419156956255,0.6511165048543689
A84,spatial_reduced3,numba,center,Center,excitation,Excitation,Opto on,2.0,2.0,200,206,14,0.619419156956255,1.0
A84,spatial_reduced3,numba,center,Center,inhibition,Inhibition,Opto off,0.0,2.0,200,206,14,0.619419156956255,0.6511165048543689
A84,spatial_reduced3,numba,center,Center,inhibition,Inhibition,Opto on,-2.0,2.0,200,206,14,0.619419156956255,0.0
A84,spatial_reduced3,numba,sides,Sides,excitation,Excitation,Opto off,0.0,2.0,200,416,14,0.619419156956255,0.7101682692307694
A84,spatial_reduced3,numba,sides,Sides,excitation,Excitation,Opto on,2.0,2.0,200,416,14,0.619419156956255,8.413461538461538e-05
A84,spatial_reduced3,numba,sides,Sides,inhibition,Inhibition,Opto off,0.0,2.0,200,416,14,0.619419156956255,0.7101682692307694
A84,spatial_reduced3,numba,sides,Sides,inhibition,Inhibition,Opto on,-2.0,2.0,200,416,14,0.619419156956255,0.8106249999999999
A86,spatial_reduced3,numba,center,Center,excitation,Excitation,Opto off,0.0,2.0,200,3369,14,0.7319348601923428,0.5367022855446718
A86,spatial_reduced3,numba,center,Center,excitation,Excitation,Opto on,2.0,2.0,200,3369,14,0.7319348601923428,0.999985158800831
A86,spatial_reduced3,numba,center,Center,inhibition,Inhibition,Opto off,0.0,2.0,200,3369,14,0.7319348601923428,0.5367022855446718
A86,spatial_reduced3,numba,center,Center,inhibition,Inhibition,Opto on,-2.0,2.0,200,3369,14,0.7319348601923428,0.0
A86,spatial_reduced3,numba,sides,Sides,excitation,Excitation,Opto off,0.0,2.0,200,6627,14,0.7319348601923428,0.47988154519390397
A86,spatial_reduced3,numba,sides,Sides,excitation,Excitation,Opto on,2.0,2.0,200,6627,14,0.7319348601923428,3.319752527538856e-05
A86,spatial_reduced3,numba,sides,Sides,inhibition,Inhibition,Opto off,0.0,2.0,200,6627,14,0.7319348601923428,0.47988154519390397
A86,spatial_reduced3,numba,sides,Sides,inhibition,Inhibition,Opto on,-2.0,2.0,200,6627,14,0.7319348601923428,0.6495329711785116
A87,spatial_reduced3,numba,center,Center,excitation,Excitation,Opto off,0.0,2.0,200,3347,14,0.7351812850880776,0.512754705706603
A87,spatial_reduced3,numba,center,Center,excitation,Excitation,Opto on,2.0,2.0,200,3347,14,0.7351812850880776,0.999968628622647
A87,spatial_reduced3,numba,center,Center,inhibition,Inhibition,Opto off,0.0,2.0,200,3347,14,0.7351812850880776,0.512754705706603
A87,spatial_reduced3,numba,center,Center,inhibition,Inhibition,Opto on,-2.0,2.0,200,3347,14,0.7351812850880776,0.0
A87,spatial_reduced3,numba,sides,Sides,excitation,Excitation,Opto off,0.0,2.0,200,6649,14,0.7351812850880776,0.4836501729583397
A87,spatial_reduced3,numba,sides,Sides,excitation,Excitation,Opto on,2.0,2.0,200,6649,14,0.7351812850880776,0.00010377500375996391
A87,spatial_reduced3,numba,sides,Sides,inhibition,Inhibition,Opto off,0.0,2.0,200,6649,14,0.7351812850880776,0.4836501729583397
A87,spatial_reduced3,numba,sides,Sides,inhibition,Inhibition,Opto on,-2.0,2.0,200,6649,14,0.7351812850880776,0.6494991728079408
A89,spatial_reduced3,numba,center,Center,excitation,Excitation,Opto off,0.0,2.0,200,3340,14,0.756607649391958,0.5143338323353294
A89,spatial_reduced3,numba,center,Center,excitation,Excitation,Opto on,2.0,2.0,200,3340,14,0.756607649391958,1.0
A89,spatial_reduced3,numba,center,Center,inhibition,Inhibition,Opto off,0.0,2.0,200,3340,14,0.756607649391958,0.5143338323353294
A89,spatial_reduced3,numba,center,Center,inhibition,Inhibition,Opto on,-2.0,2.0,200,3340,14,0.756607649391958,0.0
A89,spatial_reduced3,numba,sides,Sides,excitation,Excitation,Opto off,0.0,2.0,200,6656,14,0.756607649391958,0.5321416766826924
A89,spatial_reduced3,numba,sides,Sides,excitation,Excitation,Opto on,2.0,2.0,200,6656,14,0.756607649391958,8.263221153846154e-06
A89,spatial_reduced3,numba,sides,Sides,inhibition,Inhibition,Opto off,0.0,2.0,200,6656,14,0.756607649391958,0.5321416766826924
A89,spatial_reduced3,numba,sides,Sides,inhibition,Inhibition,Opto on,-2.0,2.0,200,6656,14,0.756607649391958,0.6572273137019226
A92,spatial_reduced3,numba,center,Center,excitation,Excitation,Opto off,0.0,2.0,200,3312,14,0.810991510165902,0.4629045893719806
A92,spatial_reduced3,numba,center,Center,excitation,Excitation,Opto on,2.0,2.0,200,3312,14,0.810991510165902,0.9999320652173913
A92,spatial_reduced3,numba,center,Center,inhibition,Inhibition,Opto off,0.0,2.0,200,3312,14,0.810991510165902,0.4629045893719806
A92,spatial_reduced3,numba,center,Center,inhibition,Inhibition,Opto on,-2.0,2.0,200,3312,14,0.810991510165902,0.0
A92,spatial_reduced3,numba,sides,Sides,excitation,Excitation,Opto off,0.0,2.0,200,6684,14,0.810991510165902,0.45974566128067035
A92,spatial_reduced3,numba,sides,Sides,excitation,Excitation,Opto on,2.0,2.0,200,6684,14,0.810991510165902,0.0001196888090963495
A92,spatial_reduced3,numba,sides,Sides,inhibition,Inhibition,Opto off,0.0,2.0,200,6684,14,0.810991510165902,0.45974566128067035
A92,spatial_reduced3,numba,sides,Sides,inhibition,Inhibition,Opto on,-2.0,2.0,200,6684,14,0.810991510165902,0.6195855774985038
A93,spatial_reduced3,numba,center,Center,excitation,Excitation,Opto off,0.0,2.0,200,2493,14,0.7274730573774455,0.6044705174488567
A93,spatial_reduced3,numba,center,Center,excitation,Excitation,Opto on,2.0,2.0,200,2493,14,0.7274730573774455,0.9999859606899318
A93,spatial_reduced3,numba,center,Center,inhibition,Inhibition,Opto off,0.0,2.0,200,2493,14,0.7274730573774455,0.6044705174488567
A93,spatial_reduced3,numba,center,Center,inhibition,Inhibition,Opto on,-2.0,2.0,200,2493,14,0.7274730573774455,0.0
A93,spatial_reduced3,numba,sides,Sides,excitation,Excitation,Opto off,0.0,2.0,200,4813,14,0.7274730573774455,0.5476366091834616
A93,spatial_reduced3,numba,sides,Sides,excitation,Excitation,Opto on,2.0,2.0,200,4813,14,0.7274730573774455,4.7787242883856224e-05
A93,spatial_reduced3,numba,sides,Sides,inhibition,Inhibition,Opto off,0.0,2.0,200,4813,14,0.7274730573774455,0.5476366091834616
A93,spatial_reduced3,numba,sides,Sides,inhibition,Inhibition,Opto on,-2.0,2.0,200,4813,14,0.7274730573774455,0.7129555370870558
A95,spatial_reduced3,numba,center,Center,excitation,Excitation,Opto off,0.0,2.0,200,1618,14,0.7599761659321883,0.6379542645241038
A95,spatial_reduced3,numba,center,Center,excitation,Excitation,Opto on,2.0,2.0,200,1618,14,0.7599761659321883,1.0
A95,spatial_reduced3,numba,center,Center,inhibition,Inhibition,Opto off,0.0,2.0,200,1618,14,0.7599761659321883,0.6379542645241038
A95,spatial_reduced3,numba,center,Center,inhibition,Inhibition,Opto on,-2.0,2.0,200,1618,14,0.7599761659321883,0.0
A95,spatial_reduced3,numba,sides,Sides,excitation,Excitation,Opto off,0.0,2.0,200,2827,14,0.7599761659321883,0.5967191368942343
A95,spatial_reduced3,numba,sides,Sides,excitation,Excitation,Opto on,2.0,2.0,200,2827,14,0.7599761659321883,5.305978068623983e-06
A95,spatial_reduced3,numba,sides,Sides,inhibition,Inhibition,Opto off,0.0,2.0,200,2827,14,0.7599761659321883,0.5967191368942343
A95,spatial_reduced3,numba,sides,Sides,inhibition,Inhibition,Opto on,-2.0,2.0,200,2827,14,0.7599761659321883,0.7307216130173331
A96,spatial_reduced3,numba,center,Center,excitation,Excitation,Opto off,0.0,2.0,200,2264,14,0.7096958385545844,0.6773851590106008
A96,spatial_reduced3,numba,center,Center,excitation,Excitation,Opto on,2.0,2.0,200,2264,14,0.7096958385545844,1.0
A96,spatial_reduced3,numba,center,Center,inhibition,Inhibition,Opto off,0.0,2.0,200,2264,14,0.7096958385545844,0.6773851590106008
A96,spatial_reduced3,numba,center,Center,inhibition,Inhibition,Opto on,-2.0,2.0,200,2264,14,0.7096958385545844,0.0
A96,spatial_reduced3,numba,sides,Sides,excitation,Excitation,Opto off,0.0,2.0,200,4589,14,0.7096958385545844,0.5972281542819785
A96,spatial_reduced3,numba,sides,Sides,excitation,Excitation,Opto on,2.0,2.0,200,4589,14,0.7096958385545844,1.961211592939638e-05
A96,spatial_reduced3,numba,sides,Sides,inhibition,Inhibition,Opto off,0.0,2.0,200,4589,14,0.7096958385545844,0.5972281542819785
A96,spatial_reduced3,numba,sides,Sides,inhibition,Inhibition,Opto on,-2.0,2.0,200,4589,14,0.7096958385545844,0.7539409457398124
