subject;model;sL;sC;sR;noise_amp;S_amplitude;S_d;U_int_amplitude;U_int_baseline;U_ext_amplitude;nll;n_trials;nll/trial;nll_eval
A89;spatialU_notrandom;0.329152425970733;0.34598544303480594;0.35410561045523536;0.7671771664818656;0.16087069751132732;0.1120453777300554;1.726481268004136;-1.2695619913138216;-0.09999841378521523;7585.039366084444;9996;0.7588074595922812;17246.51260726763
A83;spatialU_notrandom;0.4883743044301809;0.501932975872478;0.4887291188715608;1.0841019065121569;0.18593286863906544;0.3456923853860644;0.944077402644325;-0.9896930489485385;-0.09567497580428608;6973.421062835172;9451;0.7378500754243119;12801.509480822759
A87;spatialU_notrandom;0.26470942000023;0.448688728668202;0.3103867958327555;1.8949141228450013;0.4082849709481695;0.0021767513031761276;2.8532878319725796;-2.4339390457127195;0.44061269659812297;7368.213809863386;9996;0.7371162274773295;16888.171836904752
A86;spatialU_notrandom;0.12384461052137397;0.37587307837392814;0.28286824544024114;1.9275678381246806;0.37508344391728315;0.2402712191209673;2.256323422363721;-2.2695000618420806;0.46770499255819686;7312.6932656713525;9996;0.7315619513476743;16451.3714126436
A84;spatialU_notrandom;0.4537162275519222;0.36454532691277564;0.5053572363685817;0.8555816618542027;0.23701307803392413;0.09654026823118328;1.4892177935689688;-1.3339658360928297;-0.07584426738321781;400.90979386643426;651;0.6158368569376871;407.19354278355206
A95;spatialU_notrandom;0.42842668309317844;0.5282772359151693;0.4564615499002116;0.9022745835440485;0.19395596371859597;0.1967532737669046;2.0270205088336297;-1.647051180526546;-0.09999871477850775;3980.137402770653;5220;0.7624784296495504;3978.74508740627
A96;spatialU_notrandom;0.28215532774629537;0.4460501453722827;0.35257255443139;0.8562499698450998;0.18818459392641673;0.5320604259613901;1.7195518169319257;-1.5270264849532396;-0.09999999997671694;4828.30936114662;6884;0.7013813714623214;6904.988262770989
A93;spatialU_notrandom;0.3433167797047645;0.4398842775262892;0.37552999751642346;0.7080359292300681;0.15806805273517965;0.1874240767210722;1.6890541575849056;-1.3752948073670268;-0.09983798954635859;5336.650306637861;7409;0.7202929284165017;7571.979295673268
A92;spatialU_notrandom;0.35409297877645773;0.47212111255247624;0.5315498358239896;1.5652465672985392;0.32076803408526494;4.3900514834493976e-08;3.579676200850841;-2.2968771653773175;-0.09999999999999787;8058.402156675084;9996;0.8061626807398043;25387.941772285638
A89;spatialU;-0.16324646055124958;-0.08445339034318522;-0.1687565183812012;0.8174111238374815;0.2191307158269774;0.4037411319664329;0.001209490902510879;-1.8511035722845008;2.352301830803981;8071.135137985708;9996;0.8074364883939283;18689.48079269148
A89;spatialU;1.619375168877923;1.8975452422791932;1.8282663054571913;1.9909902516471099;0.7084558932202708;0.5316724103759498;0.01389456197648542;-4.401511876248605;3.644906159453967;6008.738601406888;7497;0.801485741150712;18685.7114061618
A89;spatialU;-0.7154757403477561;-0.4313030662306119;-0.7169104954664363;1.9631593173282456;0.6364872292464133;0.14353339569643137;0.14406407938804477;-3.0962840524152853;4.135860361915547;8059.300138317568;9996;0.8062525148376919;18715.850577329005
A89;spatialU;-0.5210526403846645;-0.35512191389482695;-0.49539597469698116;1.7256789235429117;0.38163552168571385;0.9999999999999993;0.004342654950228564;-1.9847493510633445;2.500885001159425;8057.582926670402;9996;0.806080724957023;18681.181435550076
A87;spatialU;0.17236661911010742;0.5983521938323975;0.21833324432373047;1.9992452548220985;0.6381318473815918;0.3007349014282227;0.0;-1.581331729888916;1.6848554611206055;5865.511126934836;7497;0.7823811026990578;18445.821505885495
A86;spatialU;0.6408320045509015;1.4476320234212352;0.9784766462214805;1.999249558531949;0.6491128937126212;0.9999972425154;0.00019457855717064376;-2.604966554887227;2.2035209331046417;5887.378146015204;7497;0.7852978719508076;18041.345486754733
A84;spatialU;1.0066514331741274;0.5525628792909032;0.999103917839193;1.8475775681481266;1.6562691728975256;0.8247470470584745;0.9626883989451471;0.7582645775005687;4.9569055574559115;479.18333857469213;651;0.7360727167045962;475.161670917883
A89;spatialU;0.7756747322855517;1.0497510156710632;0.8481523492955603;1.928653812238481;0.5382995430892333;0.9355873160646297;0.0;-2.72745091910474;2.3458835354540497;8054.727513365304;9996;0.8057950693642761;18692.230089548826
A83;spatialU;0.5276069194078445;0.7322240956127644;0.36605894565582275;1.897390190285391;0.7613380122184754;0.7632724404335023;0.0;-1.8754690289497375;2.1555704325437546;5775.509633029355;7489;0.7711990430003145;13789.780056680003
A89;spatialU;-0.6394163375530866;-0.3543050740250351;-0.7056241147003561;1.9988121525283828;0.9922300622283546;0.946965871352586;0.0;-2.0923302434637208;3.9748059761570858;8087.201903997038;9996;0.809043807922873;18814.55444886471
A93;spatialU;0.6940032843186259;1.3564753224018489;0.8890145143279256;1.9999999863066527;0.5727988712890192;0.6577471170800039;1.163456647645944e-05;-1.975962410972926;1.470834001256435;4671.8331951019045;5981;0.7811123884136273;8331.882700342161
A92;spatialU;1.1767777769082102;1.4117916105224424;1.4021320796380934;1.6053446671730465;0.4387520583098933;0.685649364716494;0.05838695696763807;-1.903486237169517;1.1979224320198796;6305.839149397389;7497;0.8411149992526862;26597.195984148784
A89;spatialU;-0.22274242630010122;0.025784032553929137;-0.18273741908706143;1.999932407074739;0.6477505605373881;0.16574929684065864;4.716013791039586e-06;-1.4021027537964983;2.0090670745412353;8065.578162883289;9996;0.8068805685157352;18711.501670604084
A89;spatialU;-0.9569563712211675;-0.7558988021846744;-0.999760641316243;1.5611915494725692;0.5018762998646707;0.25533026870834874;2.4016189854592085e-06;-0.884542611805955;2.112312772878795;8076.267145902598;9996;0.807949894548079;18744.297915438696
A95;spatialU;-0.0617971820756793;0.4719460755586624;-0.07027975749224424;1.971168573221957;0.5658263731002807;0.7625540742650628;0.0;-1.3446306567639112;1.6622798293828964;3993.637419814507;4956;0.8058186884210063;4288.4113250771725
A89;spatialU;-0.6123372580560256;-0.6023182892768499;-0.6263486620091818;0.4897582315266771;0.09417081593789789;0.1782948507735192;0.960798468281844;-1.3441153433403041;1.192886489246817;7551.267955012588;9996;0.755428967088094;17136.925170527335
A96;spatialU;0.35313197068171576;1.3860978943412192;0.5823645002092235;1.999995735102407;0.6313390456326305;0.023442705383058593;0.0;-4.999999731662683;4.776771954726428;4162.628501783399;5456;0.7629451066318547;7622.658404441068
A89;spatialU;-0.23212424958182964;-0.10008003646726138;-0.2716244207476848;0.7410716619080631;0.37046527388010875;0.3014409420939046;0.0;-2.1331720603775466;3.920533112497651;8110.17967448191;9996;0.811342504449971;18807.63277090765
A89;spatialU;1.7675903029739857;1.9789100016932935;1.824885921087116;1.8493461456755176;0.7951215287111699;0.4661709047853947;0.00019752606749534607;-3.565374760888517;3.176862847059965;8073.1820559766875;9996;0.8076412621025097;18719.04714967725
