subject;model;sL;sC;sR;noise_amp;S_amplitude;S_d;U_int_amplitude;U_int_baseline;U_int_onset;U_ext_amplitude;nll;n_trials;nll/trial;nll_eval
A89;spatial_reduced3;-0.004349272860284;0.0;0.0145182612220349;1.0;0.1943596216140153;0.1673607141316811;1.47038800139196;-1.0;0.0;0.0;7572.621496075025;9996.0;0.7575651756777736;17226.38591083108
A95;spatial_reduced3;-0.1019864045083522;0.0;-0.0845774235203862;1.0;0.2083120799064636;2.3681297898259235e-05;1.6495949774980545;-1.0;0.0;0.0;4019.683493111281;5220.0;0.7700543090251497;3987.867095717284
A92;spatial_reduced3;-0.0628345861332491;0.0;0.008608364732936;1.0;0.1777674732729792;0.0004988780012353;1.6515331962145865;-1.0;0.0;0.0;8117.935316295307;9996.0;0.8121183789811232;25303.120433086813
A93;spatial_reduced3;-0.1193073680042289;0.0;-0.1059375318582169;1.0;0.2148496442614123;1.1641521080463235e-11;1.5934479222632945;-1.0;0.0;0.0;5420.912278852052;7409.0;0.7316658494873872;7602.187478462078
A84;spatial_reduced3;0.0803447365021838;0.0;0.1227888221364423;1.0;0.2457184031999623;2.270406085358445e-14;1.3645575516720785;-1.0;0.0;0.0;405.3032733768284;651.0;0.6225856733899053;402.824670916848
A83;spatial_reduced3;-0.0109106062654973;0.0;-0.047350960510812;1.0;0.1813809273277729;0.5207511574877571;1.3889267438426032;-1.0;0.0;0.0;7016.062626807157;9451.0;0.7423619327909382;12792.262784558126
A92;spatial_reduced3;-0.0643200454735506;0.0;0.0104646283959937;1.0;0.1779553799976383;1.026990548769202e-06;1.6902560112321223;-1.0;0.0;0.0;8106.671135618356;9996.0;0.810991510165902;25278.43573801549
A89;spatial_reduced3;-0.0074584006433724;0.0;0.0089856693484762;1.0;0.1864850119847688;0.4210641158329963;1.2921053842583206;-1.0;0.0;0.0;7565.613465869663;9996.0;0.7568640922238559;17181.60730274584
A93;spatial_reduced3;-0.1018732736638412;0.0;-0.0809427629383208;1.0;0.2012995234410482;0.3416230726636058;1.328085147528327;-1.0;0.0;0.0;5390.18348388599;7409.0;0.7275183538785248;7564.804016828963
A84;spatial_reduced3;0.1122216582298278;0.0;0.1385908126831054;1.0;0.2627126932144165;4.768371580921028e-08;1.2792773246765137;-1.0;0.0;0.0;403.9645942305759;651.0;0.6205293306153239;401.9047872048157
A87;spatial_reduced3;-0.0831007501219573;0.0;-0.0792436889532837;1.0;0.2131528234429424;0.0839721273994655;1.62804761598818;-1.0;0.0;0.0;7354.103400057979;9996.0;0.7357046218545398;16781.165401191298
A96;spatial_reduced3;-0.1887691877782344;0.0;-0.1381000131368637;1.0;0.230131599009037;0.0281825602054595;1.6731051802635193;-1.0;0.0;0.0;4903.356799091413;6884.0;0.7122830910940461;6951.3089517197495
A86;spatial_reduced3;-0.1527099609375;0.0;-0.0750732421875;1.0;0.1978466796875;0.311572265625;1.4794921875;-1.0;0.0;0.0;7323.116626924893;9996.0;0.732604704574319;16399.761101766984
A87;spatial_reduced3;-0.0854800226188672;0.0;-0.0752580575099273;1.0;0.2199528156768065;0.0502373734379943;1.67549440273433;-1.0;0.0;0.0;7354.83462718981;9996.0;0.7357777738285124;16772.941849888408
A86;spatial_reduced3;-0.1520455019672226;0.0;-0.0745645614879322;1.0;0.1922238281462341;0.3878789861577388;1.4320382172008976;-1.0;0.0;0.0;7318.819087993477;9996.0;0.732174778710832;16429.641977961222
A96;spatial_reduced3;-0.1933658123016357;0.0;-0.1413438320159912;1.0;0.2264858245849609;4.768371580921028e-08;1.6934089660644531;-1.0;0.0;0.0;4898.140703590674;6884.0;0.7115253782089881;6961.018501752656
A87;spatial_reduced3;-0.0767679310055662;0.0;-0.0838113503260338;1.0;0.2179121075954424;0.0621334342509385;1.6536080753613192;-1.0;0.0;0.0;7348.872125740423;9996.0;0.7351812850880776;16802.47764259258
A96;spatial_reduced3;-0.1839244786514768;0.0;-0.1344353474457875;1.0;0.2278102216491425;4.886644683177455e-06;1.6693480668945997;-1.0;0.0;0.0;4899.816395802451;6884.0;0.7117687966011694;6954.562877593196
A86;spatial_reduced3;-0.1510353684425354;0.0;-0.0672402083873748;1.0;0.2162349474430084;5.960464455334602e-09;1.6583491563796997;-1.0;0.0;0.0;7350.831636735558;9996.0;0.7353773145993956;16450.474522500328
A86;spatial_reduced3;-0.139408158787333;0.0;-0.0684431767381745;1.0;0.1950186787433221;0.3194097722716534;1.4587625030079892;-1.0;0.0;0.0;7316.420862482659;9996.0;0.7319348601923428;16405.347276684915
A96;spatial_reduced3;-0.1838728263974189;0.0;-0.1384886065497994;1.0;0.2205069153755903;0.0938928151503205;1.5928322821855545;-1.0;0.0;0.0;4895.676101826657;6884.0;0.7111673593588984;6932.532115834154
A89;spatial_reduced3;-0.0140583013221657;0.0;0.0094146752944652;1.0;0.1841920477802523;0.4935869562666539;1.265182806939265;-1.0;0.0;0.0;7572.170790919459;9996.0;0.7575200871267966;17169.87292398148
A95;spatial_reduced3;-0.0614177438837941;0.0;-0.0498688097140984;1.0;0.1722598802123684;0.8561601397988853;1.1702349898405373;-1.0;0.0;0.0;3967.075586166023;5220.0;0.7599761659321883;3942.079595447985
A92;spatial_reduced3;-0.0677261352539062;0.0;0.0077619552612304;1.0;0.1745905303955078;3.814697265291933e-07;1.6971511840820312;-1.0;0.0;0.0;8108.682029786823;9996.0;0.8111926800507026;25336.927835164945
A84;spatial_reduced3;0.0998920463777608;0.0;0.1131594400982862;1.0;0.2717984863795163;0.0117124876433308;1.2476510380092805;-1.0;0.0;0.0;405.3100830641555;651.0;0.6225961337391022;401.9874099627498
A93;spatial_reduced3;-0.1161450147628784;0.0;-0.0950458645820617;1.0;0.1983618307113647;0.264377760887146;1.4402551651000977;-1.0;0.0;0.0;5389.847882109494;7409.0;0.7274730573774455;7575.896547261886
A83;spatial_reduced3;-0.00840317044441;0.0;-0.0442526021457183;1.0;0.2087903019717351;2.0892836482711008e-05;1.7889516668969918;-1.0;0.0;0.0;7071.483315739788;9451.0;0.7482259354290327;12929.316633437593
A92;spatial_reduced3;-0.0600965023040771;0.0;0.0174314975738525;1.0;0.1772731590270996;4.768371580921028e-08;1.6487045288085938;-1.0;0.0;0.0;8113.486474113459;9996.0;0.8116733167380411;25309.311327277417
A89;spatial_reduced3;0.0014668185613118;0.0;0.0132383949821814;1.0;0.2079896475700661;1.1641521080463235e-11;1.5899676359258592;-1.0;0.0;0.0;7590.487203684762;9996.0;0.7593524613530174;17261.878281164772
A95;spatial_reduced3;-0.0886597930416774;0.0;-0.0834018297442975;1.0;0.1943877740180506;0.321275046841418;1.400413896481389;-1.0;0.0;0.0;4002.475342761476;5220.0;0.766757728498367;3958.7267130281343
A83;spatial_reduced3;-0.004535689484328;0.0;-0.0366398992482572;1.0;0.1791936983540654;0.5272344822995365;1.3498484939336777;-1.0;0.0;0.0;7012.424586953904;9451.0;0.7419769957627662;12808.939027574615
A84;spatial_reduced3;0.0860565786715596;0.0;0.1341439030948095;1.0;0.2623826768994331;1.1641521080463235e-11;1.309984699357301;-1.0;0.0;0.0;404.1906902321226;651.0;0.6208766363012637;396.30108004652186
A87;spatial_reduced3;-0.0804085173003841;0.0;-0.0860009736934444;1.0;0.2208426694048103;0.0848911835986654;1.5911025641253218;-1.0;0.0;0.0;7354.590739521523;9996.0;0.7357533753022731;16798.13725500054
A96;spatial_reduced3;-0.1966432971677294;0.0;-0.1408975781663448;1.0;0.2309015784941715;0.0143387608606013;1.670152977543765;-1.0;0.0;0.0;4893.347983718852;6884.0;0.7108291667226688;6956.411259481219
A87;spatial_reduced3;-0.0921867080032825;0.0;-0.0971471189986914;1.0;0.223633931633085;0.0500568046234548;1.6772331297397614;-1.0;0.0;0.0;7354.644457528311;9996.0;0.7357587492525322;16826.53653891138
A86;spatial_reduced3;-0.1521613107206576;0.0;-0.0769049235641432;1.0;0.1916189908343221;0.3704120101241642;1.4438099717663135;-1.0;0.0;0.0;7326.925484048575;9996.0;0.7329857427019383;16426.888033189494
A96;spatial_reduced3;-0.1869491835823282;0.0;-0.1340914844186045;1.0;0.2315470270579681;0.0008455598377622;1.6786766052246094;-1.0;0.0;0.0;4893.9509477098345;6884.0;0.710916755913689;6961.411661748259
A95;spatial_reduced3;-0.098064512014389;0.0;-0.0960786938667297;1.0;0.2090783023834228;5.960464455334602e-09;1.6121517419815063;-1.0;0.0;0.0;4025.869309945381;5220.0;0.7712393314071612;3981.064690838559
A93;spatial_reduced3;-0.1106862723827362;0.0;-0.1003512293100357;1.0;0.2179492104053497;5.960464455334602e-09;1.5491305589675903;-1.0;0.0;0.0;5414.882670512951;7409.0;0.7308520273333717;7611.559276434906
A83;spatial_reduced3;-0.0110297122466818;0.0;-0.0472799150246032;1.0;0.1766586862871281;0.5793207471194592;1.3824631620964285;-1.0;0.0;0.0;7014.720707650185;9451.0;0.742219945788825;12765.897538468802
A92;spatial_reduced3;-0.0608378459345715;0.0;0.0118262204669576;1.0;0.1561076952632936;0.6125559472490608;1.2617397453587955;-1.0;0.0;0.0;8131.035342247938;9996.0;0.8134289057871087;25242.36543691663
A95;spatial_reduced3;-0.0970985028252471;0.0;-0.0968232874874956;1.0;0.2091658647335134;0.0050344473711447;1.5948100191308183;-1.0;0.0;0.0;4020.3774461494368;5220.0;0.7701872502201986;3985.2175566651495
A89;spatial_reduced3;0.0029864056980954;0.0;0.0244152545512861;1.0;0.170861509060187;0.6977560916699872;1.1676751330969637;-1.0;0.0;0.0;7563.050063322013;9996.0;0.756607649391958;17137.46154251772
A83;spatial_reduced3;0.0011503426797254;0.0;-0.0299655429050007;1.0;0.1753661158772111;0.6376321506535411;1.3128497699885884;-1.0;0.0;0.0;7017.614900502563;9451.0;0.7425261771772894;12767.34601957916
A93;spatial_reduced3;-0.1123434741748496;0.0;-0.0958889015601016;1.0;0.2110150509001687;1.7448072321679664e-05;1.5922671961598098;-1.0;0.0;0.0;5420.602499420509;7409.0;0.7316240382535442;7582.63894681805
A84;spatial_reduced3;0.0860580542575917;0.0;0.12510965034744;1.0;0.2509690551107633;1.9194617198070585e-05;1.3440948342904449;-1.0;0.0;0.0;403.2418711785221;651.0;0.619419156956255;399.44879702063895
A95;spatial_reduced3;-0.0808847397565841;0.0;-0.0739923119544982;1.0;0.1788001716136932;0.561705932021141;1.2556025981903076;-1.0;0.0;0.0;3983.056283584769;5220.0;0.7630376022193044;3949.4332710713416
A89;spatial_reduced3;0.0060103291232813;0.0;0.0097326454644672;1.0;0.1895764698968614;0.2117598642420119;1.4785026026827095;-1.0;0.0;0.0;7578.836052733934;9996.0;0.7581868800254036;17250.990785950715
A92;spatial_reduced3;-0.0540662705898284;0.0;0.0194971561431884;1.0;0.179127961397171;5.960464455334602e-09;1.6610243320465088;-1.0;0.0;0.0;8114.753415177099;9996.0;0.8118000615423268;25297.315101586493
A84;spatial_reduced3;0.1019228627656048;0.0;0.1243534551003904;1.0;0.2413482226070482;0.0209393909044592;1.3323352093575522;-1.0;0.0;0.0;403.44307007096495;651.0;0.6197282182349692;402.5372473197354
A93;spatial_reduced3;-0.1187489265886654;0.0;-0.1102969079336588;1.0;0.2115366044530242;2.887994958178375e-06;1.5993419220001217;-1.0;0.0;0.0;5415.031672928516;7409.0;0.7308721383356075;7603.160285108775
A83;spatial_reduced3;-0.0128094202260058;0.0;-0.0491653118894532;1.0;0.1860866472818997;0.4920448288666648;1.394256459434473;-1.0;0.0;0.0;7021.942937624675;9451.0;0.7429841220637684;12788.681719717668
A92;spatial_reduced3;-0.058376163477078;0.0;0.0113821110717253;1.0;0.1794370615750085;1.7589132767115156e-05;1.659752284991555;-1.0;0.0;0.0;8118.5663463901055;9996.0;0.8121815072419073;25307.554578565843
A95;spatial_reduced3;-0.0736363870091736;0.0;-0.0685936629306525;1.0;0.1839432790922001;0.5674670994281769;1.238675685133785;-1.0;0.0;0.0;3978.850966993869;5220.0;0.7622319860141512;3945.538841404944
A89;spatial_reduced3;-0.0096029639689732;0.0;0.0036876475387543;1.0;0.1894972197251627;0.2676511135718101;1.390231642886647;-1.0;0.0;0.0;7570.190053183706;9996.0;0.7573219340920074;17240.89847169866
A83;spatial_reduced3;-0.0016299875862273;0.0;-0.0387482717864031;1.0;0.1716018509584182;0.7105478190394023;1.2995280859031482;-1.0;0.0;0.0;7015.175190594484;9451.0;0.7422680341333704;12774.593743599931
A84;spatial_reduced3;0.0882463866428224;0.0;0.1201804601957974;1.0;0.2621052873043482;0.0457148636122383;1.282527023635339;-1.0;0.0;0.0;404.5160621747103;651.0;0.621376439592489;401.18680741271385
A93;spatial_reduced3;-0.1102295897166527;0.0;-0.0822885000422388;1.0;0.1901396932222451;0.4937665451455928;1.3103817906935546;-1.0;0.0;0.0;5393.87069491514;7409.0;0.7280160203691646;7553.297256705315
A87;spatial_reduced3;-0.0668731615842261;0.0;-0.0727671335553168;1.0;0.2200506694827345;1.4551693183761929e-12;1.6962817500752865;-1.0;0.0;0.0;7354.667893002877;9996.0;0.7357610937377829;16792.809656944766
A86;spatial_reduced3;-0.147314764452858;0.0;-0.0737950905313482;1.0;0.1910353264129662;0.4330206034490402;1.3960780875277123;-1.0;0.0;0.0;7322.9143045469855;9996.0;0.7325844642403947;16420.01042001946
A87;spatial_reduced3;-0.0791964233542463;0.0;-0.0785562281880469;1.0;0.2148329813150764;0.0659553030756162;1.637323392341166;-1.0;0.0;0.0;7351.337246892945;9996.0;0.7354278958476336;16770.090779595455
A86;spatial_reduced3;-0.1484752622782252;0.0;-0.0676083585130982;1.0;0.199584313002415;0.1840754661126993;1.554227298591286;-1.0;0.0;0.0;7325.58947852658;9996.0;0.7328520886881332;16412.07832526747
A96;spatial_reduced3;-0.1578065603971481;0.0;-0.1159155517816543;1.0;0.2121851360797882;0.3734099000692367;1.342069149017334;-1.0;0.0;0.0;4885.546152609759;6884.0;0.7096958385545844;6918.3498363311
A89;spatialU_notrandom;0.329152425970733;0.3459854430348059;0.3541056104552353;0.7671771664818656;0.1608706975113273;0.1120453777300554;1.726481268004136;-1.2695619913138216;;-0.0999984137852152;7585.039366084444;9996.0;0.7588074595922812;17284.990024765917
A83;spatialU_notrandom;0.4883743044301809;0.501932975872478;0.4887291188715608;1.0841019065121569;0.1859328686390654;0.3456923853860644;0.944077402644325;-0.9896930489485384;;-0.095674975804286;6973.421062835172;9451.0;0.7378500754243119;12790.198969420191
A87;spatialU_notrandom;0.26470942000023;0.448688728668202;0.3103867958327555;1.8949141228450013;0.4082849709481695;0.0021767513031761;2.85328783197258;-2.4339390457127195;;0.4406126965981229;7368.213809863386;9996.0;0.7371162274773295;16886.025005034335
A86;spatialU_notrandom;0.1238446105213739;0.3758730783739281;0.2828682454402411;1.9275678381246808;0.3750834439172831;0.2402712191209673;2.256323422363721;-2.2695000618420806;;0.4677049925581968;7312.693265671352;9996.0;0.7315619513476743;16446.6890111521
A84;spatialU_notrandom;0.4537162275519222;0.3645453269127756;0.5053572363685817;0.8555816618542027;0.2370130780339241;0.0965402682311832;1.4892177935689688;-1.3339658360928297;;-0.0758442673832178;400.9097938664343;651.0;0.6158368569376871;403.51012494931655
A95;spatialU_notrandom;0.4284266830931784;0.5282772359151693;0.4564615499002116;0.9022745835440484;0.1939559637185959;0.1967532737669046;2.0270205088336297;-1.647051180526546;;-0.0999987147785077;3980.137402770653;5220.0;0.7624784296495504;3979.878043047886
A96;spatialU_notrandom;0.2821553277462953;0.4460501453722827;0.35257255443139;0.8562499698450998;0.1881845939264167;0.5320604259613901;1.7195518169319255;-1.5270264849532396;;-0.0999999999767169;4828.30936114662;6884.0;0.7013813714623214;6895.522079073693
A93;spatialU_notrandom;0.3433167797047645;0.4398842775262892;0.3755299975164234;0.7080359292300681;0.1580680527351796;0.1874240767210722;1.6890541575849056;-1.3752948073670268;;-0.0998379895463585;5336.650306637861;7409.0;0.7202929284165017;7593.237492014731
A92;spatialU_notrandom;0.3540929787764577;0.4721211125524762;0.5315498358239896;1.5652465672985392;0.3207680340852649;4.3900514834493976e-08;3.579676200850841;-2.296877165377317;;-0.0999999999999978;8058.402156675084;9996.0;0.8061626807398043;25424.46401957773
A89;spatialU;-0.1632464605512495;-0.0844533903431852;-0.1687565183812012;0.8174111238374815;0.2191307158269774;0.4037411319664329;0.0012094909025108;-1.8511035722845008;;2.352301830803981;8071.135137985708;9996.0;0.8074364883939283;18704.09559572576
A89;spatialU;1.619375168877923;1.8975452422791927;1.828266305457192;1.9909902516471096;0.7084558932202708;0.5316724103759498;0.0138945619764854;-4.401511876248605;;3.644906159453967;6008.738601406888;7497.0;0.801485741150712;18692.73065666517
A89;spatialU;-0.7154757403477561;-0.4313030662306119;-0.7169104954664363;1.9631593173282456;0.6364872292464133;0.1435333956964313;0.1440640793880447;-3.0962840524152853;;4.135860361915547;8059.300138317568;9996.0;0.8062525148376919;18712.65680760014
A89;spatialU;-0.5210526403846645;-0.3551219138948269;-0.4953959746969811;1.7256789235429115;0.3816355216857138;0.9999999999999992;0.0043426549502285;-1.9847493510633445;;2.500885001159425;8057.582926670402;9996.0;0.806080724957023;18669.49497259563
A87;spatialU;0.1723666191101074;0.5983521938323975;0.2183332443237304;1.9992452548220985;0.6381318473815918;0.3007349014282227;0.0;-1.581331729888916;;1.6848554611206057;5865.511126934836;7497.0;0.7823811026990578;18467.38270048433
A86;spatialU;0.6408320045509015;1.4476320234212352;0.9784766462214805;1.999249558531949;0.6491128937126212;0.9999972425154;0.0001945785571706;-2.604966554887227;;2.2035209331046417;5887.378146015204;7497.0;0.7852978719508076;18033.81169029165
A84;spatialU;1.0066514331741274;0.5525628792909032;0.999103917839193;1.8475775681481263;1.6562691728975256;0.8247470470584745;0.9626883989451472;0.7582645775005687;;4.956905557455912;479.1833385746921;651.0;0.7360727167045962;478.0714633094267
A93;spatialU;-0.9999999999990904;-0.699061440848709;-0.9999988094796208;1.0739915712482797;0.2497097718314034;0.9313425194444792;0.0011776824248954;-1.40068234877981;;2.3602319276433263;5848.813329473491;7409.0;0.7894200741629762;8338.589112414953
A89;spatialU;0.7756747322855517;1.0497510156710632;0.8481523492955603;1.928653812238481;0.5382995430892333;0.9355873160646296;0.0;-2.72745091910474;;2.3458835354540497;8054.727513365304;9996.0;0.8057950693642761;18697.9560404632
A87;spatialU;-0.2176440763869322;0.0630497238307725;-0.2296359882457181;1.0808558313042158;0.329385495808674;0.1262145662476541;0.0;-2.4778886472049635;;3.0291858190321364;7839.8644822804;9996.0;0.7843001682953581;18476.11445895672
A96;spatialU;-0.9592633898239455;-0.7154816015756751;-0.9999999869364729;0.6264213006059208;0.211212861187505;0.0934474467941526;0.0023959176123753;1.0483192700444306;;0.4231559402205676;5702.256358825186;6884.0;0.8283347412587428;8080.181422596181
A83;spatialU;0.5276069194078445;0.7322240956127644;0.3660589456558227;1.897390190285391;0.7613380122184754;0.7632724404335023;0.0;-1.875469028949737;;2.1555704325437546;5775.509633029355;7489.0;0.7711990430003145;13780.139922433267
A89;spatialU;-0.6394163375530866;-0.3543050740250351;-0.7056241147003561;1.9988121525283828;0.9922300622283546;0.946965871352586;0.0;-2.0923302434637208;;3.9748059761570858;8087.201903997038;9996.0;0.809043807922873;18826.82905805508
A83;spatialU;0.3056456744670868;0.5053990334272385;0.2229333221912384;1.952159143090248;0.5427487158775329;0.3344537764787674;0.0;-1.3254424631595612;;1.2619531750679016;7301.19887610843;9451.0;0.7725318882772648;13739.726522515084
A93;spatialU;0.6940032843186259;1.3564753224018489;0.8890145143279256;1.9999999863066529;0.5727988712890192;0.6577471170800039;1.163456647645944e-05;-1.975962410972926;;1.470834001256435;4671.8331951019045;5981.0;0.7811123884136273;8316.167654468183
A92;spatialU;1.1767777769082102;1.4117916105224424;1.4021320796380934;1.6053446671730465;0.4387520583098933;0.685649364716494;0.058386956967638;-1.903486237169517;;1.1979224320198796;6305.839149397389;7497.0;0.8411149992526862;26593.90327818604
A92;spatialU;-0.9578686010172532;-0.8048927439122053;-0.8965376671621925;0.5989634714838757;0.3697926064344938;0.7400918707549864;3.96073845322826;1.6229025874999934;;1.9103401525935624;9167.649302595482;9996.0;0.9171317829727372;28143.811075954363
A86;spatialU;-0.5134827084839344;-0.2764686159789562;-0.4346246682107448;1.4911894533783197;0.2352169969677925;0.1487051576375961;0.0;-0.6040105819702148;;0.8784366846084595;7798.892565147277;9996.0;0.7802013370495475;17897.665555290165
A89;spatialU;-0.2227424263001012;0.0257840325539291;-0.1827374190870614;1.999932407074739;0.6477505605373881;0.1657492968406586;4.716013791039586e-06;-1.4021027537964983;;2.009067074541236;8065.578162883289;9996.0;0.8068805685157352;18732.37138406946
A89;spatialU;-0.9569563712211676;-0.7558988021846744;-0.999760641316243;1.5611915494725692;0.5018762998646707;0.2553302687083487;2.4016189854592085e-06;-0.884542611805955;;2.112312772878795;8076.267145902598;9996.0;0.807949894548079;18762.9435074484
A89;spatialU;-0.1442998434395122;-0.0775242510499083;-0.1565987546846372;0.7967048652003359;0.2139216514847794;0.999998442019205;3.1999661587178714e-08;-1.0946925886310055;;1.540285034403496;8076.933216753484;9996.0;0.808016528286663;18735.917229354032
A95;spatialU;-0.0617971820756793;0.4719460755586624;-0.0702797574922442;1.971168573221957;0.5658263731002807;0.7625540742650628;0.0;-1.3446306567639112;;1.6622798293828964;3993.637419814507;4956.0;0.8058186884210063;4289.82105939302
A89;spatialU;-0.6123372580560256;-0.6023182892768499;-0.6263486620091818;0.4897582315266771;0.0941708159378978;0.1782948507735192;0.960798468281844;-1.344115343340304;;1.192886489246817;7551.267955012588;9996.0;0.755428967088094;17128.82670834369
A96;spatialU;0.3531319706817157;1.3860978943412192;0.5823645002092235;1.999995735102407;0.6313390456326305;0.0234427053830585;0.0;-4.999999731662683;;4.776771954726428;4162.628501783399;5456.0;0.7629451066318547;7634.19083203355
A89;spatialU;-0.2321242495818296;-0.1000800364672613;-0.2716244207476848;0.7410716619080631;0.3704652738801087;0.3014409420939046;0.0;-2.1331720603775466;;3.920533112497651;8110.17967448191;9996.0;0.811342504449971;18785.03664370896
A84;spatialU;-0.1029260158538818;-0.1663684844970703;-0.0412180423736572;0.993141312599182;0.5848163032531738;0.6630486011505128;8.17735481262207;-0.4632582664489746;;2.708560943603516;478.47357810931874;651.0;0.7349824548530242;480.0391950248358
A95;spatialU;-0.9250923956860788;-0.3586694652331061;-0.99993202323094;1.903605947990436;0.5611685953568667;0.0079161255969665;0.0;-1.1977348836371675;;2.2813636551145464;4303.17007788909;5220.0;0.8243620838867989;4302.6594913310855
A89;spatialU;1.7675903029739857;1.9789100016932928;1.824885921087116;1.8493461456755176;0.7951215287111699;0.4661709047853947;0.0001975260674953;-3.565374760888517;;3.176862847059965;8073.182055976687;9996.0;0.8076412621025097;18756.630389750942
A96;temporalU;0.618589170457625;0.7518248629209978;0.6775689602613113;0.6953502274103546;0.1389516430590197;0.9998800560105195;1.9621292957666585;-1.6190618516712902;8.859596883148413e-05;-0.0882021984843959;3902.4501122069305;5456.0;0.7152584516508304;51187.92497347015
A86;temporalU;0.3133357037004316;0.4468955233896849;0.422735048825416;1.0876900655335895;0.2020374617460766;0.1978608035424258;1.865244706947124;-1.236308139639732;0.0001165721890574;-0.033492373113404;5609.8794945631535;7497.0;0.7482832459067832;111578.5500981762
A95;temporalU;0.4415661977814125;0.4947356600273451;0.473939884088395;0.6957910974447982;0.1230973908242413;0.9867015011974218;1.9518713184315857;-0.9976905353137226;0.2636853119705565;-0.0926967635305118;3784.398450758176;4956.0;0.7635993645597607;27064.741107171583
A92;temporalU;0.4708087854228893;0.515426180853467;0.554879834670885;0.837818506280247;0.1405304208473353;0.309033338612619;1.8359046443870284;-1.201377929755722;0.0531683065966185;-0.0443048719873786;6060.541981862181;7497.0;0.8083956224972898;166018.60664734396
A84;temporalU;0.402547968570115;0.3518405258702515;0.4246013457819337;0.7589669363237991;0.1501001953705662;0.5542895512341176;0.863990437041906;-0.6574707656640015;0.3644253742469217;-0.0685109864214723;416.0268767638706;651.0;0.639058182432981;2765.866810171441
A83;temporalU;0.5084301363676786;0.4941581804305315;0.4984853686764836;0.7102251404159637;0.11498857781291;0.6433206796646118;0.6903800070285797;-0.7966788411140442;0.08917330532521;0.0014102309942245;5530.43904442513;7489.0;0.7384749692115277;81229.68240699425
A93;temporalU;0.4429699061438441;0.4973410880193114;0.4774170806631446;0.5030030053004276;0.0893312089890241;0.3123742073774337;1.3860279694199562;-1.272344520315528;7.450579042611594e-11;0.297397144138813;4433.37629327503;5981.0;0.7412433193905751;54605.25830467081
A89;temporalU;0.5192792381338904;0.5197410463339338;0.5376772081168326;0.4380787362991986;0.0745382534025054;0.5238346519871868;0.8785494087381949;-1.013500750125644;0.3199455559340498;0.2813681620627335;5672.4986200000985;7497.0;0.7566358036548084;116752.12218601612
A87;temporalU;0.5465279109130279;0.598203240580915;0.5815044049641074;0.6421536732004872;0.1241335007308953;0.3032505088833204;1.0817299571208423;-0.9393093295257132;0.0583345229197693;-0.0912805261395988;5543.586787290751;7497.0;0.7394406812445979;119275.36721491234
A87;spatial_reduced_cert;-0.5601336581166834;-0.4574177151080221;-0.5804033204913139;;0.2352654835022986;9.313222415485711e-11;2.4676443245261908;;;;7334.26718867829;9996.0;0.7337202069506092;16814.6322195369
A84;spatial_reduced_cert;-0.1024360263954236;-0.1836540724292046;-0.1049283713804261;;0.829663125549775;1.5148790555308267e-09;1.1398354409435;;;;437.7847016551437;651.0;0.6724803404840916;436.62852484670174
A96;spatial_reduced_cert;-0.9999740873844658;-0.825870680935676;-0.9999999999999964;;0.2152385038829092;0.7893737745711775;2.120518245876326;;;;4814.423414714217;6884.0;0.6993642380468067;6898.738696573933
A95;spatial_reduced_cert;-0.4042734288809697;-0.3301341355299882;-0.4069489055530084;;0.1791944002154014;0.998948376042381;1.5032284710687236;;;;3927.3534533476063;5220.0;0.7523665619439859;3931.671045681711
A83;spatial_reduced_cert;-0.610193886095658;-0.6118749375455081;-0.6943384422920644;;0.1831113659963011;0.9028615147806704;1.870063032954932;;;;6972.095911983057;9451.0;0.7377098626582432;12752.458034708952
A92;spatial_reduced_cert;0.0714360708952881;0.1351685893605463;0.1485958726261742;;0.1744379089074209;1.4028046224634494e-08;1.4729763763025403;;;;8026.934129582301;9996.0;0.8030146188057523;25271.42224946162
A96;spatial_reduced_cert;-0.5707027237513103;-0.3827106098178774;-0.5370365950511768;;0.2208420977229252;0.4618519306532107;1.7656901888549328;;;;4832.308905879587;6884.0;0.7019623628529325;6905.39543508303
A86;spatial_reduced_cert;-0.2952805716386137;-0.1543228776890828;-0.2269303054681586;;0.2042607854219386;0.2692385508578809;1.677478755620541;;;;7290.082722974538;9996.0;0.7292999922943716;16406.578222576754
A86;spatial_reduced_cert;-0.192853313063793;-0.0550509610073106;-0.1167700071306256;;0.1963680539827442;0.3152000096975967;1.520643200768177;;;;7288.772475169952;9996.0;0.7291689150830284;16384.940060494286
A95;spatial_reduced_cert;0.5075901976051682;0.5812553683426813;0.5624021089097369;;0.1615057668104418;0.2824980402408982;0.6387253414723091;;;;3959.278193923759;5220.0;0.7584824126290726;3947.288248703042
A93;spatial_reduced_cert;-0.4254149794578552;-0.2848192602396011;-0.4141222983598709;;0.2237441420555114;5.960464455334602e-09;2.0693029165267944;;;;5350.420435962378;7409.0;0.7221514962832202;7599.908366345729
A83;spatial_reduced_cert;0.0824275404024774;0.0892385337308496;0.0490329284366453;;0.1733933734184393;0.6179149952544322;1.2234088235363745;;;;6967.102694962154;9451.0;0.7371815358123113;12777.327247144876
A92;spatial_reduced_cert;-0.128781259059906;-0.057403564453125;-0.0482439994812011;;0.1806304359436035;3.08394432067538e-05;1.7773823738098145;;;;8036.6195929918495;9996.0;0.8039835527202731;25325.164322890832
A86;spatial_reduced_cert;-0.0928331170718159;0.0449391196636561;-0.0151958946301782;;0.1951803334311352;0.3162495537069077;1.3886300431441612;;;;7287.381377264323;9996.0;0.7290297496262829;16398.68819190275
A93;spatial_reduced_cert;-0.3530861940103023;-0.2458691329429712;-0.3384352175207823;;0.1943852247122231;0.67054493004066;1.5257005690527876;;;;5323.823815596006;7409.0;0.7185617243347289;7548.681769893259
A93;spatial_reduced_cert;-0.4395506394260406;-0.3235093798799591;-0.4294240085910186;;0.1977249841258521;0.6289855718887312;1.636509769480284;;;;5328.227129795515;7409.0;0.7191560439729403;7554.75797728874
A86;spatial_reduced_cert;-0.0492095947265625;0.0679779052734375;0.0224761962890625;;0.1942138671875;0.352117919921875;1.3040771484375;;;;7284.158116758574;9996.0;0.7287072945936949;16404.57421347083
A95;spatial_reduced_cert;-0.5631676891352981;-0.4601722707193403;-0.5955927266550134;;0.2183574993661022;0.0487503929420199;2.300146320660133;;;;3985.1774309566354;5220.0;0.7634439522905432;3995.918525201524
A89;spatial_reduced_cert;-0.4270210112970858;-0.4021111865683906;-0.4320230816314279;;0.2105919350451768;0.1113442771004201;2.145752624472152;;;;7587.282944935252;9996.0;0.7590319072564278;17298.49472953163
A92;spatial_reduced_cert;-0.4882471561431885;-0.415889024734497;-0.4138276576995849;;0.1913615417480468;4.768371580921028e-08;2.360923767089844;;;;8050.891653836459;9996.0;0.8054113299156122;25377.84950704794
A96;spatial_reduced_cert;-0.3978247983385934;-0.1937122392275547;-0.3467567160145712;;0.2282012709081561;0.1692575930262002;1.8271895447019235;;;;4845.910770925991;6884.0;0.7039382293617069;6948.6642891938045
A83;spatial_reduced_cert;-0.2804069854352207;-0.2716545888092696;-0.3369364943544752;;0.178355098472191;0.8202991902183442;1.544885599544159;;;;6971.754541320164;9451.0;0.7376737426008003;12770.758786180744
A96;spatial_reduced_cert;-0.9426023662090302;-0.7806518375873566;-0.927663780748844;;0.2267282485961914;0.5985434897243977;2.1183759570121765;;;;4828.416211208863;6884.0;0.7013968929704913;6897.914062067368
A95;spatial_reduced_cert;-0.1641364167794492;-0.0964898176437358;-0.1604972717468875;;0.1755740165842024;0.8372666423601665;1.294323757297832;;;;3928.38356383866;5220.0;0.7525639011185172;3921.82583310564
A89;spatial_reduced_cert;-0.288030364938777;-0.2614025433499591;-0.2824753709660399;;0.2143225346985673;0.0002819500954501;2.0529653047797183;;;;7594.603325232472;9996.0;0.7597642382185347;17309.52473778144
A87;spatial_reduced_cert;0.1242661630811081;0.2105699283809405;0.1491404278337142;;0.201207657733237;0.1437074881047997;1.2467526071260764;;;;7322.713953711104;9996.0;0.7325644211395662;16770.886800377768
A84;spatial_reduced_cert;-0.155693896063795;-0.2916216391710122;-0.1492741417497711;;0.2664815568795825;0.0001841447511167;1.7628774559905196;;;;401.3760729588385;651.0;0.6165531074636535;396.9732527190356
A93;spatial_reduced_cert;-0.1560169536205649;-0.0294084686765927;-0.1376702993702565;;0.2126897627400467;0.0112762418986676;1.6692163703337428;;;;5348.723903844699;7409.0;0.7219225136785934;7613.517880531068
A92;spatial_reduced_cert;-0.257013083435055;-0.1903625074807458;-0.1847048796501162;;0.1824507146570198;1.8858833938928403e-09;2.018014257247416;;;;8046.779075068244;9996.0;0.8049999074698123;25369.415044907768
A93;spatial_reduced_cert;-0.4652750518844186;-0.3504104028743313;-0.4592752504131567;;0.2028725552803371;0.5279515762525989;1.702912558997923;;;;5325.614977209634;7409.0;0.718803479175278;7551.612478766359
A87;spatial_reduced_cert;-0.3908741890847977;-0.2899617071161628;-0.4003329318770738;;0.2182429099009459;0.1168880677254491;2.03612627700386;;;;7331.992423227641;9996.0;0.7334926393785155;16813.501474135846
A86;spatial_reduced_cert;-0.2027014526167931;-0.0659782200057179;-0.1271747657560809;;0.196189258948234;0.2851871359224333;1.5566885161078972;;;;7282.941089602538;9996.0;0.7285855431775249;16391.316025398075
A89;spatial_reduced_cert;-0.1418256169623397;-0.1299293003213648;-0.1331387456996147;;0.1909074123254197;0.3389824291840426;1.4961842360190758;;;;7588.251455269715;9996.0;0.7591287970457898;17252.5368469339
A92;spatial_reduced_cert;-0.2340520732104778;-0.1681264070793986;-0.163254389539361;;0.1728450659662485;0.2472876250743866;1.720916174352169;;;;8064.514738069246;9996.0;0.8067741834803167;25327.625505471035
A93;spatial_reduced_cert;-0.4255277673677256;-0.306235030214566;-0.4129543465816141;;0.2071779400955847;0.4409096327002885;1.6914477408377024;;;;5329.2457353900445;7409.0;0.7192935261695296;7566.744741471786
A83;spatial_reduced_cert;-0.7251883647156774;-0.7274033514547682;-0.8102032809681532;;0.1852979167789453;0.9530058424413256;1.942585808075819;;;;6967.5650776481225;9451.0;0.737230460019905;12767.238634833444
A96;spatial_reduced_cert;-0.1602168659788958;0.0055910767354134;-0.1110636516334011;;0.2012726110488756;0.5299838074816762;1.3115070721587472;;;;4833.55691389732;6884.0;0.7021436539653283;6912.9134231833705
A89;spatial_reduced_cert;-0.423736040116637;-0.3968480838484538;-0.4241377805774391;;0.2100213993687066;0.106895401404472;2.1219978072622325;;;;7590.004516747593;9996.0;0.7593041733440969;17282.823734084297
A95;spatial_reduced_cert;-0.5299651615245011;-0.4645332239131221;-0.5538034180606815;;0.1764630162717139;0.9999940688828588;1.65238379532002;;;;3926.705973122743;5220.0;0.7522425235867324;3929.423213616389
A87;spatial_reduced_cert;-0.3752727534432338;-0.273523161367553;-0.3875354644670263;;0.2219762385107356;0.0824666063308929;2.077207116866425;;;;7336.806909988098;9996.0;0.7339742807110942;16833.281850837062
A86;spatial_reduced_cert;-0.4251623165910132;-0.2914459364837967;-0.364475269569084;;0.2000408439151942;0.4127980450284667;1.7192913494072857;;;;7295.959397221844;9996.0;0.7298878948801365;16393.492252787164
A84;spatial_reduced_cert;-0.5526742866312588;-0.6739870082972175;-0.5575393513350377;;0.2745779470069419;1.272117988260213e-05;2.3655527984401488;;;;401.1014152714166;651.0;0.6161312062540962;399.6268071821262
A87;spatial_reduced_cert;0.4108209839905612;0.4812378666247241;0.4501286118174903;;0.1777197193400934;0.2527488379157148;0.8396812700666487;;;;7338.310899569049;9996.0;0.7341247398528461;16772.07178968531
A83;spatial_reduced_cert;-0.0928522864705883;-0.0839754464104771;-0.1383397678728215;;0.1770324828661978;0.685532129148487;1.421677477657795;;;;6971.042928074249;9451.0;0.7375984475795417;12763.091251338676
A84;spatial_reduced_cert;0.079739469191054;-0.0121787404927999;0.1025061684590582;;0.2460570406021543;0.1432035296295907;1.264592104455005;;;;399.11201902622327;651.0;0.6130752980433537;399.7745159273805
A96;spatial_reduced_cert;-0.2247790535911917;-0.0630415035411715;-0.1868875343352556;;0.2080056777596474;0.4547090856358409;1.4351993426680565;;;;4832.886813306487;6884.0;0.7020463122176768;6915.663020312063
A95;spatial_reduced_cert;-0.4290665697518143;-0.3333864171375431;-0.4496413370359526;;0.21743668896206;0.049281469152504;2.1027803020010083;;;;3978.4271812328816;5220.0;0.7621508010024678;3982.772179302999
A87;spatial_reduced_cert;-0.8732783147052032;-0.760618195445204;-0.9077498252945588;;0.242703015885927;1.8185453143360077e-13;2.948236788099166;;;;7339.26482986591;9996.0;0.7342201710550129;16823.697179034985
A83;spatial_reduced_cert;-0.7697483583733629;-0.7707214783358722;-0.8571480177006379;;0.1824132441495021;0.9999999999996364;1.9839538306259783;;;;6967.467720062868;9451.0;0.7372201587200156;12761.820737915812
A92;spatial_reduced_cert;-0.3340866377894258;-0.2596874070794683;-0.2522208044032936;;0.188515606408323;2.806415068112855e-07;2.0966455215348105;;;;8042.881267317256;9996.0;0.8046099707200136;25358.821684751936
A92;spatial_reduced_cert;-0.1386947530627367;-0.0692635472234997;-0.0566287499814279;;0.1826843729532447;0.0066077467596641;1.7999973819878503;;;;8040.458789818726;9996.0;0.8043676260322855;25307.35363201595
A86;spatial_reduced_cert;0.0607962274751621;0.1763641496110644;0.1321184157177235;;0.1900200544188726;0.3440635921194612;1.1712226191996251;;;;7289.855204270085;9996.0;0.7292772313195363;16392.008404633783
A84;spatial_reduced_cert;-0.1404709332855418;-0.2625616095028817;-0.1285972238983959;;0.2759441422205418;4.343416076152407e-05;1.6720806541852653;;;;400.1023543085869;651.0;0.614596550397215;403.2724320438814
A87;spatial_reduced_cert;-0.1407880935003049;-0.0445656314841471;-0.1326169490930624;;0.207727101482451;0.1617690640734508;1.6561666345223784;;;;7333.785610220168;9996.0;0.7336720298339503;16796.85298183813
A93;spatial_reduced_cert;-0.615820242168283;-0.4839540857261397;-0.6224473547213449;;0.2270169779921309;0.0903436148202018;2.266673812699196;;;;5344.0525091482;7409.0;0.7212920109526522;7578.241426697084
A93;spatial_reduced_cert;-0.3723053284920752;-0.2523415165487677;-0.3636079283896833;;0.2018622685223818;0.497605588613078;1.6064966656267643;;;;5329.686448212947;7409.0;0.7193530096116812;7538.684979783942
A92;spatial_reduced_cert;-0.2427602782845497;-0.18377635627985;-0.163310308009386;;0.1837062367796897;2.2473931312549933e-05;1.951605498790741;;;;8042.630553166287;9996.0;0.8045848892723377;25368.203411915893
A89;spatial_reduced_cert;-0.9732971347448256;-0.9519637574667286;-0.9999118754112716;;0.2325383162401704;1.8185453143360077e-13;3.1760801776254084;;;;7598.149526447164;9996.0;0.7601190002448144;17334.9483010035
A89;spatial_reduced_cert;-0.2742246008045725;-0.2519233205654956;-0.269629956151391;;0.2057032660355526;0.1107220262448578;1.9061650086842967;;;;7588.09071574939;9996.0;0.7591127166616036;17280.200810084723
A86;spatial_reduced_cert;-0.6252065897569992;-0.461601085611619;-0.5638950076536275;;0.2131135530909523;0.187705200491473;2.2148328302428126;;;;7287.464428021657;9996.0;0.7290380580253759;16429.57491276272
A87;spatial_reduced_cert;-0.1521306927170371;-0.0596104571304749;-0.1474840157898143;;0.2045661096158437;0.2816979653900489;1.5416837107622996;;;;7331.216683268687;9996.0;0.733415034340605;16781.9749162402
A95;spatial_reduced_cert;-0.3816080201359;-0.2858174874454562;-0.3810912643239135;;0.2065677960935864;0.3695843182460521;1.68199224860291;;;;3963.149765361301;5220.0;0.7592240929810921;3974.1942148902367
A89;spatial_reduced_cert;0.1764711949288395;0.1910836520349885;0.2071779789991223;;0.1797726186411166;0.318295740313135;1.1152925470634545;;;;7565.289766876349;9996.0;0.7568317093713834;17197.75710205807
A93;spatial_reduced_cert;-0.1870793521593441;-0.068749140795262;-0.1710562076805217;;0.2158922960687778;1.4551693183761929e-12;1.7083205429080408;;;;5349.984859543134;7409.0;0.7220927061065102;7590.088059947977
A92;spatial_reduced_cert;0.5308197252019227;0.5749726775138697;0.6270109160561219;;0.1577072528278722;7.018681799086934e-07;0.7438685448360047;;;;7976.544282974748;9996.0;0.7979736177445726;25062.8707567823
A95;spatial_reduced_cert;-0.256495830748463;-0.1811270062025869;-0.2661284010537201;;0.1976471518469043;0.5312113561056322;1.4739325986010954;;;;3950.9652637307418;5220.0;0.7568898972664256;3956.206039568402
A95;spatial_reduced_cert;-0.9403986061615796;-0.867582471667447;-0.9642314513939708;;0.1875219608020416;0.9937443479284412;2.066452849605412;;;;3925.9399943945855;5220.0;0.7520957843667788;3940.936204419756
A89;spatial_reduced_cert;-0.5873351727000511;-0.5630620498736292;-0.5960106992976009;;0.2259439667960646;5.596892174941637e-06;2.5099508036131795;;;;7600.019866422382;9996.0;0.7603061090858725;17311.054356451306
A86;spatial_reduced_cert;-0.783892757544848;-0.6228992582085624;-0.7314501135023619;;0.2212414393869119;0.1708775610760454;2.473074555227811;;;;7293.281490134689;9996.0;0.7296199970122739;16443.426326160356
A87;spatial_reduced_cert;1.2530036721182114;1.466905253524601;1.2720609469870396;;0.2965561550782877;0.663472654040379;8.980191626091255;;;;9043.78954496446;9996.0;0.9047408508367808;19851.79112112447
A84;spatial_reduced_cert;-0.4530561761127956;-0.5740888810466913;-0.4472327487166012;;0.2800723497054969;4.623892004895769e-06;2.215218710084173;;;;400.32744207443216;651.0;0.6149423073339971;398.7956967102296
A96;spatial_reduced_cert;-0.578421586425975;-0.3607123971451074;-0.519270263845101;;0.2366357334889471;0.0186540332157164;2.296738436445594;;;;4856.903709898061;6884.0;0.7055351118387654;6958.586507663009
A83;spatial_reduced_cert;-0.2816012476032483;-0.2785774953845248;-0.3454709056168212;;0.1947798066487303;0.3751057619367202;1.807774976827204;;;;6998.790044434878;9451.0;0.7405343396926122;12870.359556049982
A89;spatial_reduced_cert;-0.6581224611145444;-0.6324977804906666;-0.6730020739487372;;0.2116446956479922;0.1597754638059996;2.435317274183035;;;;7594.254956244602;9996.0;0.759729387379412;17318.8051697599
A96;spatial_reduced_cert;-0.558429166674614;-0.3492766991257667;-0.5176259055733681;;0.2398359596729278;0.0491252750158309;2.2393650710582733;;;;4860.570377884916;6884.0;0.7060677480948454;6960.109677108365
A84;spatial_reduced_cert;-0.8841924453154206;-0.9999679990578444;-0.8984492823947221;;0.2924697596020996;3.5645766183700633e-05;2.88745859824121;;;;395.0807095327848;651.0;0.6068828103422194;401.2404782836368
A83;spatial_reduced_cert;-0.8584515413067493;-0.8463200706646603;-0.9491499380756068;;0.191918560677077;0.6759982022853365;2.3113720784749603;;;;6992.750394742924;9451.0;0.7398952909472991;12822.348779525775
A84;spatial_reduced_cert;-0.0764899922905897;-0.1631857630673039;-0.0528590476242243;;0.2617585699161281;0.0948766838060691;1.4669831813371277;;;;400.1858065057414;651.0;0.6147247411762541;400.8319059272822
A84;spatial_reduced_cert;-0.138144204640227;-0.2483879118469474;-0.1258458186869973;;0.2634954796095127;0.0843968868274188;1.6407316406338168;;;;400.25809306474906;651.0;0.6148357804374025;399.9594932621746
A96;spatial_reduced_cert;-0.6577016262274356;-0.4938018830791861;-0.6328210515780484;;0.2139387598428527;0.6613878097577356;1.7956049686963524;;;;4823.534669994891;6884.0;0.7006877789068697;6873.094805697806
A83;spatial_reduced_cert;-0.0204022034886293;-0.0063688201553304;-0.0496701212723564;;0.1736090370555758;0.7254772200758453;1.279105547466315;;;;6971.933279294541;9451.0;0.7376926546708857;12777.319356039929
A96;spatial_reduced_cert;-0.9997682334951604;-0.8301022166078837;-0.9994401983503848;;0.2129675834022782;0.8498859835000986;2.1024900816119043;;;;4821.0856232351925;6884.0;0.7003320196448566;6889.621376481412
A83;spatial_reduced_cert;1.0119981949101202;1.0874910721904598;1.086882576229982;;0.1465589762665331;0.9991471274988726;0.1053331694565713;;;;7452.928227658495;9451.0;0.7885862054447673;14018.579921350443
A89;spatial_reduced_cert;0.0932722774318932;0.0989844638440473;0.1124784836281946;;0.1806330224197881;0.4168859743268314;1.1663120718917526;;;;7571.650535407565;9996.0;0.7574680407570593;17168.025420450154
A96;spatial_reduced_cert;0.0559433745820632;0.2303016848510486;0.1288964772503344;;0.2144425344510465;7.282428404198349e-07;1.294173608356985;;;;4853.817493580586;6884.0;0.7050867945352391;6962.028178424269
A84;spatial_reduced_cert;-0.2445307374000549;-0.3268228769302368;-0.2117469906806945;;0.2764906549453735;0.0267957210540771;1.7859601974487305;;;;400.7886287055063;651.0;0.6156507353387194;402.0710995381563
A84;spatial_reduced_cert;-0.3316284642642131;-0.4490500034589786;-0.3330467689811485;;0.2665129031275864;0.0007135672116418;1.9846174716949463;;;;401.5084110335294;651.0;0.6167563917565736;400.5487089602613
A83;spatial_reduced_cert;-0.8616453181052748;-0.8655187324945928;-0.9583810573521988;;0.1843009357952905;0.9557246139050676;2.111749733738179;;;;6966.932819250584;9451.0;0.7371635614485857;12758.809881519242
A92;spatial_reduced_cert;-0.0583829617919491;0.0106765011062179;0.03066564818414;;0.1789380060624898;1.8185453143360077e-13;1.6373203656494295;;;;8033.434349956257;9996.0;0.8036649009560082;25345.96389282312
A93;spatial_reduced_cert;-0.6560463970057278;-0.5149072317632815;-0.6612709501255232;;0.2270110682819262;0.1147311810020645;2.3053655257328955;;;;5339.52530085121;7409.0;0.7206809692065339;7585.814540931002
A87;spatial_reduced_cert;-0.4924528024275787;-0.382656687987037;-0.5052338998066261;;0.2340390223544091;0.0001051252475007;2.3413563068024814;;;;7333.825421062493;9996.0;0.7336760125112538;16812.400625685685
A86;spatial_reduced_cert;-0.3811863798719059;-0.235781092095749;-0.314515769553509;;0.2196828539330454;0.0001709116913843;2.047392597924045;;;;7307.621046418057;9996.0;0.7310545264523867;16459.753796695768
A89;spatial_reduced_cert;-0.2553796973079443;-0.2392738061025738;-0.2541967006400227;;0.1747964152693748;0.7432162925601006;1.4527091160416603;;;;7577.54064460271;9996.0;0.758057287375221;17140.68683952927
A95;spatial_reduced_cert;-0.6555394377273842;-0.5453717579284785;-0.6877987453135574;;0.2261564650310902;3.560128498064641e-05;2.507511689720559;;;;3987.740193272109;5220.0;0.7639349029256914;3990.019463762064
A92;spatial_reduced_cert;-0.35215939090312;-0.2796268382776414;-0.276235648158817;;0.1857410399794155;4.4826767131578293e-07;2.137493894351984;;;;8050.42752066972;9996.0;0.8053648980261825;25371.700570480687
A93;spatial_reduced_cert;-0.2517541981596878;-0.1297371425089295;-0.2380367665846279;;0.212338291460328;0.176828591717458;1.6465459744722466;;;;5334.6801440156105;7409.0;0.7200270136341761;7578.826398994024
A95;spatial_reduced_cert;-0.2316264714245335;-0.1419628785661189;-0.2267039003891113;;0.2057773165634717;0.1398599980981089;1.657765488314908;;;;3979.4396408946895;5220.0;0.7623447587920861;3969.7583419533976
A87;spatial_reduced_cert;-0.2220403751455251;-0.1278381236350014;-0.2230693747148961;;0.2120589122907767;0.1312016446280722;1.7720194819194148;;;;7329.819338182024;9996.0;0.7332752439157687;16811.40300458626
A86;spatial_reduced_cert;-0.2665085792541504;-0.1232521533966064;-0.1916155815124511;;0.1983900642395019;0.3384016513824462;1.5770893096923828;;;;7290.538326184302;9996.0;0.7293455708467689;16401.494178014334
A92;spatial_reduced2;-0.0586137685468202;0.0;0.01593247533674;1.0;0.1808449540990113;0.0001314995068241;1.6526647516875528;-1.0;0.0;0.0;6087.64084923411;7497.0;0.8120102506648139;25269.60039553433
A84;spatial_reduced2;0.0809690956054289;0.0;0.121712237617416;1.0;0.2484883215115363;2.8310687127941488e-15;1.3884593780869636;-1.0;0.0;0.0;404.1012206332547;651.0;0.62073920220162;399.4873003871733
A89;spatial_reduced2;-0.0231323694276177;0.0;-0.0078624527572355;1.0;0.1953880863103453;0.1585085240003575;1.5276027320685517;-1.0;0.0;0.0;5683.876229010377;7497.0;0.7581534252381456;17257.1504690562
A96;spatial_reduced2;-0.1930528441995989;0.0;-0.1383754435137802;1.0;0.2262173415358529;8.828172565200632e-06;1.6752188904547438;-1.0;0.0;0.0;3908.506626960472;5456.0;0.7163685166716408;6937.112005327841
A92;spatial_reduced2;-0.0643913637498485;0.0;0.0152587619653559;1.0;0.1786231325694279;4.146392024173552e-08;1.6690353059516383;-1.0;0.0;0.0;6088.74512430998;7497.0;0.8121575462598345;25295.832569786995
A84;spatial_reduced2;0.0853035753825679;0.0;0.1157058552489616;1.0;0.2494780466007068;1.1641521080463235e-11;1.3291394500993192;-1.0;0.0;0.0;403.9424562068736;651.0;0.6204953244345217;401.2185584665169
A87;spatial_reduced2;-0.0971114908731749;0.0;-0.0881668958803061;1.0;0.2195621434090756;0.0075761674948317;1.7231980660470183;-1.0;0.0;0.0;5569.543931872818;7497.0;0.7429030187905585;16777.1160789706
A96;spatial_reduced2;-0.168782215565443;0.0;-0.1301779299974441;1.0;0.2109342503547668;0.3882733441889286;1.3808915615081787;-1.0;0.0;0.0;3892.320476813236;5456.0;0.713401846923247;6906.543283673755
A86;spatial_reduced2;-0.1424922925331628;0.0;-0.0631021822707111;1.0;0.2131227699131272;1.535115188300296e-07;1.6679855140035895;-1.0;0.0;0.0;5546.178018293115;7497.0;0.7397863169658684;16433.04503641309
A87;spatial_reduced2;-0.0914456801296008;0.0;-0.0805354994140321;1.0;0.2022995828924651;0.1949474460718945;1.5399408792340452;-1.0;0.0;0.0;5557.704959302178;7497.0;0.7413238574499371;16782.032838190156
A96;spatial_reduced2;-0.205611000537722;0.0;-0.1364565438664993;1.0;0.2266858014062805;0.0083331104139183;1.6861307233703613;-1.0;0.0;0.0;3907.999106724238;5456.0;0.7162754961004836;6959.608807774152
A83;spatial_reduced2;0.0014222431991584;0.0;-0.051457485769788;1.0;0.2057206919482269;0.1030987830607045;1.6468662884217338;-1.0;0.0;0.0;5600.636358041035;7489.0;0.7478483586648464;12923.086583645028
A93;spatial_reduced2;-0.1365919145755469;0.0;-0.1217813536059111;1.0;0.2165099789388477;9.313222415485711e-11;1.61493631452322;-1.0;0.0;0.0;4377.964853979365;5981.0;0.7319787416785429;7596.06523127489
A86;spatial_reduced2;-0.1319634980663977;0.0;-0.0574964373918192;1.0;0.2129488664188102;1.6762838458805884e-05;1.638398364535533;-1.0;0.0;0.0;5550.338950324702;7497.0;0.7403413299085904;16468.303536975945
A95;spatial_reduced2;-0.0923847422407737;0.0;-0.0813824595857566;1.0;0.2063444750098745;3.3306690738754696e-16;1.5859017204110444;-1.0;0.0;0.0;3739.190305308492;4956.0;0.7544774627337555;3984.474307170426
A96;spatial_reduced2;-0.1721401508095681;0.0;-0.1253488974707792;1.0;0.2044024890213898;0.3459097293009055;1.441359706352415;-1.0;0.0;0.0;3896.826579240093;5456.0;0.7142277454618938;6927.293199133848
A93;spatial_reduced2;-0.1225740934924033;0.0;-0.1044099275495682;1.0;0.198038786300749;0.3259715267369756;1.4063272483399487;-1.0;0.0;0.0;4372.029237833131;5981.0;0.7309863296828509;7567.69893093196
A84;spatial_reduced2;0.0972374792545451;0.0;0.1427042528029574;1.0;0.2480673831215972;0.0057970852564266;1.3473291066206912;-1.0;0.0;0.0;405.11800218740007;651.0;0.6223010786288787;403.7120202556555
A83;spatial_reduced2;-0.0048412317264592;0.0;-0.047508005212876;1.0;0.1775942443148233;0.5768443982728059;1.3840196618111804;-1.0;0.0;0.0;5557.584073700812;7489.0;0.7420996226065979;12799.715579781623
A95;spatial_reduced2;-0.0940853655338287;0.0;-0.0867269486188888;1.0;0.2099620044231415;5.960464455334602e-09;1.6038050651550293;-1.0;0.0;0.0;3731.0158012134766;4956.0;0.7528280470567951;3978.292155501145
A95;spatial_reduced2;-0.0838213346143845;0.0;-0.0662267875775342;1.0;0.1899076075752839;0.3439121302456669;1.364072101948295;-1.0;0.0;0.0;3721.116319383531;4956.0;0.750830572918388;3959.5797861528185
A89;spatial_reduced2;-0.0253247877957392;0.0;-0.0127525181736132;1.0;0.1859215843979336;0.3107878821775244;1.435670900471905;-1.0;0.0;0.0;5687.185807492465;7497.0;0.7585948789505755;17255.291020968052
A92;spatial_reduced2;-0.052745543885976;0.0;0.023791590007022;1.0;0.1801960613578558;3.8831494747482164e-07;1.6466409377753737;-1.0;0.0;0.0;6086.940334082185;7497.0;0.8119168112687988;25303.002206855366
A86;spatial_reduced2;-0.1429144038792742;0.0;-0.0651154740027379;1.0;0.198591796255539;0.1523283683596389;1.5677920889897905;-1.0;0.0;0.0;5539.423427728394;7497.0;0.7388853445015865;16437.634549977214
A83;spatial_reduced2;-0.0005440553650259;0.0;-0.0508672418072819;1.0;0.1723653223365545;0.6740255896002054;1.368777371942997;-1.0;0.0;0.0;5571.272302101205;7489.0;0.743927400467513;12792.16963506224
A84;spatial_reduced2;0.1303708749150018;0.0;0.1403306284260566;1.0;0.2671121700599133;2.909496255032451e-09;1.2880439095706606;-1.0;0.0;0.0;403.1250796463553;651.0;0.6192397536810373;404.1326089250712
A93;spatial_reduced2;-0.1356497636560902;0.0;-0.1134666320658084;1.0;0.2054759632110381;0.1892888483637193;1.485999045210974;-1.0;0.0;0.0;4368.608135693959;5981.0;0.7304143346754656;7570.054497881508
A92;spatial_reduced2;-0.0686150869094035;0.0;0.0085608354802957;1.0;0.1792916512532156;1.760848975890239e-05;1.6781062946779457;-1.0;0.0;0.0;6074.22499067093;7497.0;0.8102207537242804;25301.190880866467
A86;spatial_reduced2;-0.1282976851712192;0.0;-0.0621359060801296;1.0;0.2064567393155448;0.0757854555335142;1.597288202448908;-1.0;0.0;0.0;5542.789426690778;7497.0;0.7393343239550191;16432.08770278334
A83;spatial_reduced2;-0.0031503719683314;0.0;-0.047282006833484;1.0;0.1809156248706858;0.4653582708908289;1.4434144204424229;-1.0;0.0;0.0;5568.324496945131;7489.0;0.7435337824736454;12813.058682648669
A95;spatial_reduced2;-0.0840143438708764;0.0;-0.0833255469806317;1.0;0.2040951886840048;0.3428076980451806;1.3131495048946815;-1.0;0.0;0.0;3723.327114432415;4956.0;0.7512766574722387;3968.810885853981
A89;spatial_reduced2;-0.0148588033625856;0.0;0.0111832687980495;1.0;0.1945644680922851;0.3421422645682469;1.3185298549942672;-1.0;0.0;0.0;5691.130421261967;7497.0;0.7591210379167623;17180.397855128052
A96;spatial_reduced2;-0.1606515009625582;0.0;-0.1287545137602137;1.0;0.1982198078033979;0.5307717981690075;1.336093213642016;-1.0;0.0;0.0;3891.381469610471;5456.0;0.7132297414975204;6936.700525249726
A84;spatial_reduced2;0.0739402405967126;0.0;0.1190303223446314;1.0;0.2364958750985687;9.230695497847163e-05;1.4350380336849753;-1.0;0.0;0.0;405.791051343019;651.0;0.6233349482995684;395.9718189237616
A93;spatial_reduced2;-0.1190544236451387;0.0;-0.1084369348827749;1.0;0.2120509015209973;0.0006884930655359;1.609333373606205;-1.0;0.0;0.0;4382.77020890602;5981.0;0.7327821783825481;7596.186575324758
A83;spatial_reduced2;-0.0214196836148943;0.0;-0.0508213039820475;1.0;0.1757933739808436;0.5248321870658884;1.4032544616231917;-1.0;0.0;0.0;5569.566078064864;7489.0;0.7436995697776557;12789.892268126036
A95;spatial_reduced2;-0.0952262878417968;0.0;-0.0928208827972412;1.0;0.2119043159484863;4.768371580921028e-08;1.6219120025634766;-1.0;0.0;0.0;3743.0531286655983;4956.0;0.7552568863328487;3973.254482690687
A89;spatial_reduced2;-0.0204898428919477;0.0;-0.0024177885179597;1.0;0.1974501545922976;0.1679985475679131;1.48588072048733;-1.0;0.0;0.0;5691.676717178859;7497.0;0.7591939065197891;17232.56473706033
A92;spatial_reduced2;-0.053202305920422;0.0;0.0267911665141582;1.0;0.1785602628439664;7.450580152834613e-10;1.6385963931679726;-1.0;0.0;0.0;6087.626746289299;7497.0;0.8120083695197144;25322.631978164423
A87;spatial_reduced2;-0.0915205354037453;0.0;-0.0835802478259211;1.0;0.215958504025267;2.8310687127941488e-15;1.720304020127628;-1.0;0.0;0.0;5567.842509138469;7497.0;0.7426760716471213;16808.683529296322
A89;spatial_reduced2;-0.0331226347479969;0.0;-0.0095079119782894;1.0;0.2076822070777416;7.026223465766979e-06;1.6253581922501326;-1.0;0.0;0.0;5693.216806911376;7497.0;0.7593993339884455;17304.011714453372
A92;spatial_reduced2;-0.0616969502298161;0.0;0.0159880505525507;1.0;0.176158231892623;8.285255171325279e-06;1.7107996586710217;-1.0;0.0;0.0;6085.031623220108;7497.0;0.8116622146485404;25314.998839984462
A86;spatial_reduced2;-0.1402572737608238;0.0;-0.0679329329175288;1.0;0.1979110204532753;0.1884201891980182;1.5350966861615234;-1.0;0.0;0.0;5545.04614604194;7497.0;0.7396353402750354;16426.85644788155
A89;spatial_reduced2;-0.0166390612721443;0.0;0.0002835094928741;1.0;0.1899322193861007;0.3437261901795864;1.3258525729179382;-1.0;0.0;0.0;5680.762096661368;7497.0;0.7577380414380909;17217.02795099173
A93;spatial_reduced2;-0.1232888876791662;0.0;-0.1056466727733465;1.0;0.2179507468613508;2.724067491022275e-06;1.5947671917482469;-1.0;0.0;0.0;4380.869249913851;5981.0;0.7324643454127823;7595.043299282798
A84;spatial_reduced2;0.0956872701644897;0.0;0.1289922595024109;1.0;0.2520921564102173;4.185438156123489e-05;1.3229622840881348;-1.0;0.0;0.0;402.9376754223098;651.0;0.6189518823691395;399.03585708477607
A87;spatial_reduced2;-0.0902542356168396;0.0;-0.0765580278459765;1.0;0.2093204689758567;0.1100045132201102;1.626688787859166;-1.0;0.0;0.0;5558.643057741034;7497.0;0.741448987293722;16774.589008270836
A96;spatial_reduced2;-0.2019380447836738;0.0;-0.1473508610315548;1.0;0.225570925420252;8.179277756370507e-06;1.7093067171736038;-1.0;0.0;0.0;3917.722603090641;5456.0;0.7180576618567891;6935.542846452747
A86;spatial_reduced2;-0.1284296230733161;0.0;-0.0640711904416093;1.0;0.1836784694099333;0.4728266240999801;1.3572578312596306;-1.0;0.0;0.0;5533.82499249368;7497.0;0.7381385877675977;16413.025982958174
A87;spatial_reduced2;-0.0745691615156829;0.0;-0.0823903356213122;1.0;0.2090203068964183;0.0997360427398234;1.5936566349118948;-1.0;0.0;0.0;5559.146420714658;7497.0;0.7415161292136399;16796.525945640184
A83;spatial_reduced2;-0.0040530549226787;0.0;-0.0480502848374726;1.0;0.1739172523102024;0.6646324519100745;1.319738796844831;-1.0;0.0;0.0;5568.699386720456;7489.0;0.7435838411964822;12805.023390341932
A93;spatial_reduced2;-0.1193784021490884;0.0;-0.0975251941503252;1.0;0.1906520201464422;0.4349580005745295;1.3650557669972727;-1.0;0.0;0.0;4364.273493819809;5981.0;0.7296895993679667;7563.430140494703
A84;spatial_reduced2;0.1171713455876215;0.0;0.1424281610848083;1.0;0.2431298198244985;0.0694244527677255;1.3437113039453834;-1.0;0.0;0.0;404.0517424978144;651.0;0.6206631989213739;399.9625029884664
A92;spatial_reduced2;-0.0558500700390141;0.0;0.0220537416898878;1.0;0.1706108024730929;0.2218355833982059;1.4563680123828815;-1.0;0.0;0.0;6095.8998334343405;7497.0;0.8131118892135976;25301.47134740098
A89;spatial_reduced2;-0.0199492521963264;0.0;-0.0041644030553982;1.0;0.1969426327794736;0.1427675104250851;1.4962394717168763;-1.0;0.0;0.0;5679.469754927265;7497.0;0.7575656602544037;17256.598892869253
A95;spatial_reduced2;-0.0881506204605102;0.0;-0.0901017487049102;1.0;0.2069133746623992;5.960464455334602e-09;1.593328833580017;-1.0;0.0;0.0;3732.848683093226;4956.0;0.7531978779445573;3984.888887838713
A87;spatial_reduced2;-0.0981230400502681;0.0;-0.0823479741811752;1.0;0.2062497019767761;0.1983674623072147;1.5359405279159546;-1.0;0.0;0.0;5558.647737896992;7497.0;0.7414496115642246;16782.33620874404
A93;spatial_reduced2;-0.1353169865906238;0.0;-0.1190698072314262;1.0;0.2134604766964912;7.450580152834613e-10;1.649458646774292;-1.0;0.0;0.0;4384.907928704845;5981.0;0.7331395968408034;7605.702942675678
A84;spatial_reduced2;0.1118502419558353;0.0;0.1316659849835559;1.0;0.2420269843237474;1.1641521080463235e-11;1.3584196302108469;-1.0;0.0;0.0;403.57691430271694;651.0;0.6199338161332058;394.7614555662613
A89;spatial_reduced2;-0.0191436176719435;0.0;0.0042306141622248;1.0;0.206254594050406;2.5110784895865386e-08;1.5996812661469448;-1.0;0.0;0.0;5694.862690886981;7497.0;0.7596188730007978;17279.141214919706
A92;spatial_reduced2;-0.059495416469872;0.0;0.0213611964136362;1.0;0.1791097264736891;7.450580152834613e-10;1.6332990229129791;-1.0;0.0;0.0;6082.117603985828;7497.0;0.8112735232740867;25295.648188669536
A96;spatial_reduced2;-0.2016618018469671;0.0;-0.1465872421249514;1.0;0.2285541693089908;0.0004898770679573;1.7096509437615168;-1.0;0.0;0.0;3905.296317809618;5456.0;0.7157801169005898;6957.110168399207
A92;spatial_reduced2;-0.0476244927776861;0.0;0.0253844967082841;1.0;0.1788495807390427;1.4551693183761929e-12;1.672185612143949;-1.0;0.0;0.0;6083.515970200284;7497.0;0.811460046712056;25317.61526984592
A86;spatial_reduced2;-0.1353170592337846;0.0;-0.0604806449264287;1.0;0.2127641081809997;0.0002748917788266;1.667540542781353;-1.0;0.0;0.0;5549.484785796366;7497.0;0.7402273957311413;16474.208656961397
A89;spatial_reduced2;-0.0254260003566741;0.0;-0.0063096731901168;1.0;0.2088521754741669;5.960464455334602e-09;1.615944266319275;-1.0;0.0;0.0;5687.762913257625;7497.0;0.7586718571772209;17274.83369897383
A96;spatial_reduced2;-0.162642565807193;0.0;-0.1210284058364123;1.0;0.2014256184102453;0.5102114941646327;1.31517216289717;-1.0;0.0;0.0;3896.170648056604;5456.0;0.7141075234707851;6907.999921122005
A87;spatial_reduced2;-0.0941612225417998;0.0;-0.0864289555895538;1.0;0.2160232012362757;2.270406085358445e-14;1.716545906842839;-1.0;0.0;0.0;5564.779553544359;7497.0;0.7422675141449059;16823.073748199597
A87;spatial_reduced2;-0.0964088263399389;0.0;-0.0946104857266618;1.0;0.2082577811502415;0.0951440021231974;1.6653624956670685;-1.0;0.0;0.0;5561.028758635983;7497.0;0.7417672080346782;16787.69063844389
A83;spatial_reduced2;-0.0336351407931942;0.0;-0.0688417129485969;1.0;0.1757143170631752;0.6214143728697309;1.3909693917885306;-1.0;0.0;0.0;5571.324413798798;7489.0;0.7439343588995591;12791.905244889882
A96;spatial_reduced2;-0.183978773178751;0.0;-0.1284039606489386;1.0;0.2023191510027391;0.4327287168178372;1.3932720091324882;-1.0;0.0;0.0;3893.847488636647;5456.0;0.7136817244568634;6916.057509097602
A95;spatial_reduced2;-0.0609700679196976;0.0;-0.0510097123333253;1.0;0.1905955541366711;0.6617413668660448;1.1968552903272212;-1.0;0.0;0.0;3702.315755551679;4956.0;0.7470370773913799;3946.211172428418
A86;spatial_reduced2;-0.1255099007258593;0.0;-0.0538575593154746;1.0;0.1892332508002084;0.3998706307606426;1.3857464102289896;-1.0;0.0;0.0;5533.635047553023;7497.0;0.7381132516410595;16406.441825334194
A87;spatial_reduced2;-0.0951959453523159;0.0;-0.0859659444540739;1.0;0.2203802340477705;9.94168221949976e-05;1.722730129957199;-1.0;0.0;0.0;5561.2139116162425;7497.0;0.74179190497749;16775.368383622743
A93;spatial_reduced2;-0.1117057800292968;0.0;-0.0900678634643554;1.0;0.1964512634277344;0.2542371749877929;1.4406890869140625;-1.0;0.0;0.0;4371.800040613021;5981.0;0.7309480087966931;7570.512232306948
A83;spatial_reduced2;-0.012773791257814;0.0;-0.0468193358954636;1.0;0.1860859066811235;0.4031195514033811;1.4891394672044953;-1.0;0.0;0.0;5579.072307240671;7489.0;0.7449689287275565;12812.530363768108
A95;spatial_reduced2;-0.0838906913995742;0.0;-0.0803338140249252;1.0;0.2081035804748535;5.960464455334602e-09;1.5873825550079346;-1.0;0.0;0.0;3731.980956475946;4956.0;0.7530227918635889;3983.33313823205
A86;spatial_reduced2;-0.1387225206236166;0.0;-0.0615538239436546;1.0;0.1969269381102413;0.219149247861651;1.4999993784954313;-1.0;0.0;0.0;5536.858273449632;7497.0;0.7385431870681115;16422.121362630704
A96;spatial_reduced2;-0.1945435056325664;0.0;-0.1436831831637732;1.0;0.2309180562506299;0.005475821380051;1.663876739429611;-1.0;0.0;0.0;3911.0948494629074;5456.0;0.716842897628832;6955.858670446774
A86;spatial_reduced2;-0.1395180579274892;0.0;-0.067689836025238;1.0;0.2132785391621292;9.313222415485711e-11;1.653152009472251;-1.0;0.0;0.0;5547.653149897836;7497.0;0.7399830798849988;16441.04673961064
A87;spatial_reduced2;-0.0910940540743467;0.0;-0.0748801233348785;1.0;0.1917424200041568;0.305328570909478;1.4714450140018016;-1.0;0.0;0.0;5565.743168472107;7497.0;0.7423960475486338;16764.470233112635
A96;spatial_reduced2;-0.1915934085845947;0.0;-0.1455552577972412;1.0;0.2199167251586914;4.768371580921028e-08;1.728618621826172;-1.0;0.0;0.0;3910.938183518771;5456.0;0.7168141831962558;6954.571538305483
A95;spatial_reduced2;-0.0923839593306183;0.0;-0.090201498940587;1.0;0.212812265008688;7.450580152834613e-10;1.5819751918315887;-1.0;0.0;0.0;3732.3300581140975;4956.0;0.7530932320649915;3989.3914885230215
A86;spatial_reduced2;-0.1390694975852966;0.0;-0.062472715973854;1.0;0.2157918214797973;5.960464455334602e-09;1.6392720937728882;-1.0;0.0;0.0;5556.593294203523;7497.0;0.7411755761242528;16440.252220784307
A93;spatial_reduced2;-0.1255590878427028;0.0;-0.1133649023249745;1.0;0.2107370498776435;7.450580152834613e-10;1.643053598701954;-1.0;0.0;0.0;4387.385535926767;5981.0;0.7335538431577943;7601.440148885407
A83;spatial_reduced2;0.0144355406519025;0.0;-0.0352427372708916;1.0;0.1749801526218652;0.595422446122393;1.3134376928210258;-1.0;0.0;0.0;5566.135395077934;7489.0;0.743241473504865;12820.578675222909
A83;spatial_reduced2;-0.0130851282156072;0.0;-0.0478015299886465;1.0;0.1962824235111475;0.2797708243131637;1.5740622393786907;-1.0;0.0;0.0;5582.084103569835;7489.0;0.7453710914100461;12855.252661227403
A84;spatial_reduced2;0.0901497602462768;0.0;0.1125181317329406;1.0;0.2538874244689941;4.768371580921028e-08;1.341451644897461;-1.0;0.0;0.0;406.0637795984781;651.0;0.6237538857119479;398.39411260988607
A93;spatial_reduced2;-0.1142915019915378;0.0;-0.100768468133058;1.0;0.1929083637772609;0.4075791263309952;1.3413250696883663;-1.0;0.0;0.0;4369.320212269948;5981.0;0.7305333911168613;7568.770891923535
A92;spatial_reduced2;-0.0676703088738968;0.0;0.0138060712341232;1.0;0.1807735436910999;5.7996052404973846e-11;1.659842580166618;-1.0;0.0;0.0;6088.355804431575;7497.0;0.8121056161706782;25278.741214101978
A89;spatial_reduced2;-0.0205000951925455;0.0;-0.0042646858333199;1.0;0.2098705350125942;4.110300628190622e-06;1.612184546863432;-1.0;0.0;0.0;5695.593159773701;7497.0;0.7597163078262906;17274.250102739403
A95;spatial_reduced2;-0.0929857562802567;0.0;-0.0800217126521261;1.0;0.2070755567362585;2.270406085358445e-14;1.5792997134717552;-1.0;0.0;0.0;3734.5786453580986;4956.0;0.7535469421626511;3991.152705778629
A87;spatial_reduced2;-0.0858121105120517;0.0;-0.071423239991418;1.0;0.1940462130389642;0.343428795420914;1.4077557286946103;-1.0;0.0;0.0;5570.110746124407;7497.0;0.7429786242662941;16764.513560590407
A84;spatial_reduced2;0.082335066050291;0.0;0.1221444346010685;1.0;0.2555826926231384;0.2446443319320678;1.1452854871749878;-1.0;0.0;0.0;404.7096343366904;651.0;0.6216737854634262;404.6385347090592
A83;spatial_reduced2;-0.0071315215463982;0.0;-0.0498722304473631;1.0;0.1939898041216656;0.2364255640131887;1.578432610607706;-1.0;0.0;0.0;5584.650152336741;7489.0;0.7457137337877875;12888.27032873052
A89;spatial_reduced2;-0.0302769529080251;0.0;-0.0111902368444134;1.0;0.2101409587892703;2.415030030511467e-06;1.6166441232780926;-1.0;0.0;0.0;5680.754501893934;7497.0;0.7577370283972167;17275.5192612917
A95;spatial_reduced2;-0.0984197258949279;0.0;-0.0895977616310119;1.0;0.2041276788711548;0.1792532324790954;1.461878776550293;-1.0;0.0;0.0;3734.379534765604;4956.0;0.7535067664983058;3973.791196930108
A84;spatial_reduced2;0.0962018013541126;0.0;0.1249297259375623;1.0;0.2459465236455525;7.000856761291141e-05;1.330907756313195;-1.0;0.0;0.0;404.3314333895406;651.0;0.6210928316275586;396.6635610811642
A93;spatial_reduced2;-0.1210132826870449;0.0;-0.1065110342757407;1.0;0.213450494557328;4.0758780937677486e-05;1.5869380673811977;-1.0;0.0;0.0;4377.440986122688;5981.0;0.7318911530049637;7597.093487890206
A92;spatial_reduced2;-0.0688300901607021;0.0;0.0170936188785049;1.0;0.1774600953641857;0.0008022903771802;1.6769697352310686;-1.0;0.0;0.0;6083.726115667183;7497.0;0.8114880773198857;25331.314949253345
A95;externalU;-0.8385629653930664;-0.2184219360351562;-0.9999990463256836;1.9897203659795315;0.7239706420898437;0.7987703323364258;0.0;-1.0;0.0;2.383434295654297;4341.558044398289;5220.0;0.8317161004594423;4303.975473990896
A83;externalU;0.2033140685637136;0.2575681718356009;0.1308723425015614;0.4931488260399316;0.2119182298069427;0.8437095609514472;0.0;-1.0;0.0;1.7778096457632273;7487.36177104162;9451.0;0.7922295811069326;13878.800241287969
A93;externalU;0.1414404697716236;0.6987479589879513;0.2701314724981785;1.9999999394305;0.4896964660286903;0.0948206216096878;0.0;-1.0;0.0;0.8575785309076309;5855.496007433399;7409.0;0.7903220417645296;8309.007343767325
A89;externalU;-0.686462544137612;-0.4311103876680136;-0.7199929326307029;1.9954524574686472;1.0177778273634612;0.8500014055054635;0.0;-1.0;0.0;2.9304490461945534;8110.377917172113;9996.0;0.811362336651872;18862.214218000467
A95;externalU;-0.2150760850027637;0.2157141502453043;-0.1979053738432412;1.935828689173278;0.4226961149158421;0.571971629710265;0.0;-1.0;0.0;1.189512219003575;4325.243924890502;5220.0;0.8285907902089085;4303.523130302561
A92;externalU;-0.2984839945220301;0.1523458803649191;-0.0611838610720951;1.5636574126385294;0.6483858022082132;0.9315465545065308;0.0;-1.0;0.0;2.23632855242613;8444.71632384737;9996.0;0.8448095562072199;26699.6571657938
A84;externalU;1.4909049112118282;1.8314325244344327;1.841391503205557;1.911651191445421;1.7220750518218346;0.7303596534356984;0.0;-1.0;0.0;4.694894690990168;486.8753965358685;651.0;0.7478884739414262;480.7460281857767
A93;externalU;-0.1459596594795584;-0.0316266808658838;-0.1812189593911171;0.3615849842938798;0.1160798045992851;0.4933184251189232;0.0;-1.0;0.0;1.714850731194019;5924.036960074266;7409.0;0.7995730813975255;8395.557340360612
A83;externalU;0.3642140468990078;0.4870416395335155;0.2424250158186964;0.9600181428317212;0.4372785201709257;0.3036313907946237;0.0;-1.0;0.0;1.6662885286632445;7502.300046122556;9451.0;0.7938101836972337;13955.426456565709
A87;externalU;-0.0860344022512435;0.358775183558464;-0.0369454622268676;1.9979702341915329;0.5570059823989868;0.1085344702005386;0.0;-1.0;0.0;1.146745502948761;7898.7011521590175;9996.0;0.7901861896917785;18467.481194259435
A96;externalU;-0.6332725025669816;0.377109745345038;-0.5619437324824474;1.835638973970949;0.8235671285403191;0.9961738242622176;0.0;-1.0;0.0;2.4872172675518414;5364.675947231017;6884.0;0.7792963316721407;7685.043530778663
A87;externalU;-0.9478788052471688;-0.4808747827470192;-0.9999994540115472;1.9856130988055531;0.6375146010646209;0.9999993797265;0.0;-1.0;0.0;2.071902979694368;7903.844572997523;9996.0;0.7907007375947902;18447.9323069052
A96;externalU;-0.4317517215131374;0.6704143350370941;-0.2607021400926896;1.9997135432297044;0.8119794991226809;0.3401251365316057;0.0;-1.0;0.0;1.802814681574091;5342.977197523779;6884.0;0.7761442762236751;7670.171331104906
A86;externalU;-0.507639596820809;0.1141015526955016;-0.3231531580095179;1.9899183481521427;0.5122215431416407;0.0147495579905807;0.0;-1.0;0.0;1.3784560451749712;7913.911146855513;9996.0;0.7917077978046732;18016.176285530462
A87;externalU;0.0075416574136397;0.1984587395627386;-0.036258865831769;0.881334642759477;0.3355094964373711;0.9990583271943252;0.0;-1.0;0.0;1.676312269126356;7960.539322356932;9996.0;0.7963724812281845;18600.781295614477
A86;externalU;-0.9996773370512528;-0.3969218850543257;-0.9016426181187852;1.9999999999411653;0.7113097130553797;0.948350815314916;0.0;-1.0;0.0;2.1981951504712924;7942.724879900325;9996.0;0.7945903241196804;18085.213297621485
A87;externalU;0.2155561157560441;0.4987046196183655;0.2209789831103989;1.1228274503155258;0.3707424240291584;0.0732444134860997;0.0;-1.0;0.0;1.1872258774237707;7947.558399267519;9996.0;0.7950738694745417;18606.3393413798
A96;externalU;0.3265048144467073;0.7931994186665179;0.3947134662430471;1.343433929254079;0.313439784448783;0.9999998838180546;0.0;-1.0;0.0;0.751093328864954;5352.962578306591;6884.0;0.7775947963838744;7684.413161964193
A86;externalU;0.6321423540264277;0.7540640605777753;0.7182958211706136;0.6567209784089699;0.1138672484721974;0.0286843201218743;0.0;-1.0;0.0;0.4707752475233064;7918.838633524882;9996.0;0.7922007436499482;17922.86375635443
A92;externalU;-0.91128827619832;-0.1635836170753464;-0.5029847091645934;1.900684977523488;1.200681035029702;0.9953516918350942;0.0;-1.0;0.0;4.372980747604743;8465.451385087796;9996.0;0.8468838920656058;26849.180639749356
A89;externalU;0.1480072403034071;0.1658540368067242;0.0944641856925052;0.4619613078250566;0.1900129311690023;0.7278490257783965;0.0;-1.0;0.0;1.7817636730914757;8128.974766538598;9996.0;0.8132227657601638;18926.54658557115
A95;externalU;-0.8419761657714844;-0.0162549018859863;-0.997692346572876;1.999996050272212;0.933498306274414;0.4466698169708252;0.0;-1.0;0.0;3.3540287017822266;4356.223727938049;5220.0;0.8345256183789366;4332.867231535753
A83;externalU;0.1267380779609084;0.2218144219368696;0.0759296407923102;1.25854522448435;0.2612950855493545;0.6201390052214265;0.0;-1.0;0.0;0.9689938277006148;7405.599972255977;9451.0;0.7835784543705404;13740.165262879427
A93;externalU;-0.5154965979745612;-0.2764382963214302;-0.5614326816285029;0.6879005755720405;0.2214133742230478;0.714709833523375;0.0;-1.0;0.0;2.0213249605731107;5903.603892660662;7409.0;0.7968152102389879;8359.204669209277
A84;externalU;0.7056877913419157;0.648678622674197;0.7945261008571833;0.984787449967085;0.5077104795910418;0.9972222303505986;0.0;-1.0;0.0;1.962635669857264;485.0562067687063;651.0;0.7450940196139882;477.6482992208224
A89;externalU;0.2986419581707622;0.3215684648230734;0.2694632086116684;1.6270397297701598;0.2649935481252624;5.1800171706861686e-05;0.0;-1.0;0.0;0.6998346653955991;7948.300865275889;9996.0;0.7951481457859033;18400.32449822652
A95;externalU;-0.5052467956600779;-0.3580975227861458;-0.5926656699992705;0.4250595506125253;0.1837835783119348;0.6854863669409526;0.0;-1.0;0.0;2.87247050632422;4386.189281575768;5220.0;0.840266145895741;4350.47731678825
A92;externalU;-0.4607419967651367;0.077178955078125;-0.2321662902832031;1.9999876128022664;0.6801285552978515;3.814697265291933e-07;0.0;-1.0;0.0;1.855140686035156;8436.521562775537;9996.0;0.8439897521784251;26603.70944249417
A93;externalU;-0.3166705593466759;-0.1532953418791294;-0.3483305610716343;0.6428618039560886;0.1454122692346572;7.450580152834617e-10;0.0;-1.0;0.0;1.465406894683838;5898.193627428909;7409.0;0.7960849814318949;8354.774002945956
A84;externalU;0.5675938606210416;0.5392922364280786;0.5727675068113065;0.538112012769265;0.3594683351269259;0.4437616564460931;0.0;-1.0;0.0;3.248112357177689;483.9728815716593;651.0;0.7434299256093077;478.8502894212507
A83;externalU;0.4270941840125033;0.4522347065103531;0.4129228599701946;0.7453234920117867;0.1300332769189663;0.5681647659764167;0.0;-1.0;0.0;0.6983677277430616;7391.376384597689;9451.0;0.7820734720767843;13643.73655048426
A87;externalU;-0.1646916551274948;0.0398817485212106;-0.1302124258363441;1.47989943290497;0.2696597342483974;0.0030744285421014;0.0;-1.0;0.0;1.0295055580833576;7815.357642676051;9996.0;0.7818485036690728;18229.412381622125
A86;externalU;-0.9574244774412364;-0.3685863751452416;-0.7800402010325342;1.9999247036870489;0.507653151601553;0.1778024847153574;0.0;-1.0;0.0;1.7474946957081556;7907.893075346779;9996.0;0.7911057498346118;18010.645504484186
A96;externalU;-0.5726453600416903;0.24346606875919;-0.4777255345609603;1.998567026820833;0.5658964978519555;0.4684984695386419;0.0;-1.0;0.0;1.4611363873451635;5321.426294848022;6884.0;0.7730136976827457;7644.449845637548
A87;externalU;0.2953381547704339;0.4927885914221406;0.340943737886846;1.702074860470339;0.2957402947545051;0.0023394234478473;0.0;-1.0;0.0;0.6472783386707306;7824.086638316323;9996.0;0.7827217525326453;18176.35246190347
A96;externalU;-0.9997834109405516;0.3554891332272518;-0.9959869635044925;1.9893441191859065;1.0842992335673716;0.3412724486122556;0.0;-1.0;0.0;3.1767823511097504;5368.973953470658;6884.0;0.779920678888823;7709.10374500987
A86;externalU;-0.1757608367205145;0.3006751832162608;-0.0366215766965867;1.85427775479321;0.4661615346462296;0.7393072163456802;0.0;-1.0;0.0;1.1573411409307184;7916.213249484799;9996.0;0.7919381001885554;18025.96962261605
A92;externalU;-0.9372992683776148;-0.2407708394994898;-0.5585833106601683;1.9999826546965576;0.90068220327581;0.9435939245689298;0.0;-1.0;0.0;2.982239242860373;8443.67597641241;9996.0;0.8447054798331743;26713.21503388389
A95;externalU;-0.1762709681745988;0.2535462535511419;-0.1735184378933709;1.779794154337883;0.4273145147843362;0.0023374212123451;0.0;-1.0;0.0;1.3435342998138573;4336.64109701876;5220.0;0.8307741565170038;4303.960135932415
A89;externalU;-0.2967835843260218;-0.2000815533317563;-0.3168692946630926;1.90178077602704;0.350117789652777;0.0036945455494787;0.0;-1.0;0.0;1.1520271046665584;7949.379393409862;9996.0;0.7952560417576893;18473.93804381872
A83;externalU;-0.0506203025579452;0.1140045225620269;-0.1491422653198242;1.9999997416765056;0.5078515946865082;0.8256310731172563;0.0;-1.0;0.0;1.1448315978050232;7412.688925377066;9451.0;0.7843285287670158;13752.5574616256
A84;externalU;0.663747841958866;0.5057612764530859;0.6662214141624645;0.5958793152641273;0.3758108861940127;0.437376257291362;0.0;-1.0;0.0;2.890798270360392;482.13665371438776;651.0;0.740609299100442;476.6798486842292
A93;externalU;-0.6343710198998451;-0.2816469445824623;-0.7222541235387325;0.7433819602897103;0.34637959420681;0.519267226010561;0.0;-1.0;0.0;2.7914041578769684;5921.4017406787525;7409.0;0.7992174032499328;8403.695150309044
A89;externalU;-0.5610354700038442;-0.4490472463803598;-0.5973447108117398;1.4316957175573464;0.4615330663439818;0.7716156313865213;0.0;-1.0;0.0;1.889673672558274;8077.228733796129;9996.0;0.8080460918163395;18794.513182945564
A92;externalU;0.4394645287259209;0.6392475627760632;0.568369355855566;0.7643421433737606;0.3066639041067174;4.555277032519678e-05;0.0;-1.0;0.0;1.512190153907795;8458.842419776276;9996.0;0.8462227310700556;26825.869380258184
A84;externalU;0.2288650274276733;0.1259960532188415;0.2669223546981811;0.7018059557807667;0.3015776968002319;0.2930463075637817;0.0;-1.0;0.0;1.944389820098877;484.8819334501313;651.0;0.7448263186637962;477.5251135560063
A93;externalU;-0.2572518897960663;0.5104735834132157;-0.0748760069824356;1.999999999999504;0.6038201550678696;0.1762186919872192;0.0;-1.0;0.0;1.2681783730895404;5866.718072671492;7409.0;0.7918366949212434;8327.729461516818
A92;externalU;-0.0918634930858388;0.1359348610276356;0.0258119477075524;0.6993553778929119;0.2912538366578519;0.1294885792070999;0.0;-1.0;0.0;2.1114822768140584;8460.086892565208;9996.0;0.84634722814778;26827.9413079601
A95;externalU;-0.1094031809159332;0.4018100977061749;-0.1881928914874606;1.9999970787264776;0.5947193565438829;0.9899922178389262;0.0;-1.0;0.0;1.4458750537432934;4335.500320277719;5220.0;0.8305556169114404;4301.0907814031
A89;externalU;-0.0314425830247842;-0.0029580165332845;-0.0375833008060908;0.7200312180795158;0.1893892478420684;0.2959210495198249;0.0;-1.0;0.0;1.2902477605910008;8077.064140631721;9996.0;0.8080296259135376;18836.62279126376
A83;externalU;0.2855681918445043;0.3347600168926874;0.2129059255676111;1.177386564716545;0.2962982777471188;0.1433028061786899;0.0;-1.0;0.0;0.9732570882770232;7420.418875893491;9451.0;0.7851464263986341;13759.560654143748
A93;externalU;-0.7201994215138257;0.3325347052887082;-0.6542873731814325;1.927390013767578;0.9574556247517468;0.141270238533616;0.0;-1.0;0.0;2.8439906341955066;5904.569313623671;7409.0;0.7969455140536741;8354.135390931135
A84;externalU;0.4087823939044028;0.2708313250914216;0.3694012798368931;0.5183313978000271;0.3279041903093457;0.0112898536026477;0.0;-1.0;0.0;3.3853882076218724;481.2910122292028;651.0;0.7393103106439367;480.987391890638
A95;externalU;0.3042837559805775;0.5156502493919106;0.3067547945793194;1.183702622273364;0.2210117217848892;0.6462443048287242;0.0;-1.0;0.0;0.830305452196626;4337.923776408401;5220.0;0.8310198805380078;4313.288973956751
A89;externalU;-0.8014382639220798;-0.5234372294875698;-0.9828631818513144;1.9517877399042325;1.3806129071553324;0.4555791948932665;0.0;-1.0;0.0;4.763707241045722;8174.692507305784;9996.0;0.8177963692782897;18962.404410336712
A92;externalU;0.2563595805357295;0.5414918732724914;0.4283326861253158;1.1132942424398764;0.3789890956990575;0.3559954220850841;0.0;-1.0;0.0;1.3294600577057736;8442.803556303752;9996.0;0.8446182029115398;26750.18775763898
A84;externalU;0.4118570190912578;0.3333536840873421;0.399157200645277;0.758652210053481;0.3281711670127697;0.1562010438290599;0.0;-1.0;0.0;1.7608438412717078;483.2305175341274;651.0;0.7422895814656335;480.4675399825152
A83;externalU;-0.8295840403879993;-0.6422913403948769;-0.9995421362109482;1.9999999991686888;0.6512124771717935;0.2657441285089589;0.0;-1.0;0.0;2.082447218708694;7419.476310461835;9451.0;0.7850466945785457;13743.60921399929
A87;externalU;0.1622725373209812;0.5133207260901855;0.1790731927126749;1.9027117435470395;0.4930962572638251;0.9996787441131454;0.0;-1.0;0.0;0.9343062938653725;7901.055447550922;9996.0;0.7904217134404683;18499.72361224636
A86;externalU;-0.999997603472508;-0.3018672126788999;-0.7986485488908954;1.999995106554573;0.6331833994976478;0.9992222361793808;0.0;-1.0;0.0;1.95262737302005;7923.942402245682;9996.0;0.79271132475447;18052.75838335451
A96;externalU;0.063720703125;0.856201171875;0.242431640625;1.99611014838553;0.5270703125;0.045654296875;0.0;-1.0;0.0;0.8466796875;5324.8292066600025;6884.0;0.7735080195613019;7649.034894653314
A96;externalU;-0.7341114163053675;0.4101572848225423;-0.5393382313714739;1.9999914625128044;0.793949341339233;0.9999998314608852;0.0;-1.0;0.0;2.0355012620633204;5343.759481939225;6884.0;0.7762579142851866;7654.295252464538
A86;externalU;-0.9887695972928404;-0.210981935622307;-0.7538765138398915;1.734258180517795;0.8217533984221567;0.7940728560647735;0.0;-1.0;0.0;2.7667781625390404;7982.977814361421;9996.0;0.7986172283274731;18166.701872033453
